ObservationIndex,Model,Level,Split,Actual,Predicted,Residual,PeriodKey,Ward,WardLat,WardLon,Feature,FeatureValue,SHAPValue
0,TorchLSTM,WardSendai,val,186666.671875,173627.25734710693,13039.414527893066,2020-Q1,"Aoba Ward, Sendai City",38.27341290226016,140.86901664733887,MedianPriceSqM,1.4836394786834717,0.020113447564654052
0,TorchLSTM,WardSendai,val,186666.671875,173627.25734710693,13039.414527893066,2020-Q1,"Aoba Ward, Sendai City",38.27341290226016,140.86901664733887,MedianPriceSqM_lag1,1.4823161363601685,-0.010600958952636574
0,TorchLSTM,WardSendai,val,186666.671875,173627.25734710693,13039.414527893066,2020-Q1,"Aoba Ward, Sendai City",38.27341290226016,140.86901664733887,MedianPriceSqM_ma4q,1.5582962036132812,0.04421581180213252
0,TorchLSTM,WardSendai,val,186666.671875,173627.25734710693,13039.414527893066,2020-Q1,"Aoba Ward, Sendai City",38.27341290226016,140.86901664733887,MedianPriceSqM_growth_qoq,-0.08411586284637451,0.00017126712009485345
0,TorchLSTM,WardSendai,val,186666.671875,173627.25734710693,13039.414527893066,2020-Q1,"Aoba Ward, Sendai City",38.27341290226016,140.86901664733887,TransactionCount,1.633224368095398,0.0019962742662755772
0,TorchLSTM,WardSendai,val,186666.671875,173627.25734710693,13039.414527893066,2020-Q1,"Aoba Ward, Sendai City",38.27341290226016,140.86901664733887,AvgBuildingAge,1.5232970714569092,0.009521671250695363
0,TorchLSTM,WardSendai,val,186666.671875,173627.25734710693,13039.414527893066,2020-Q1,"Aoba Ward, Sendai City",38.27341290226016,140.86901664733887,ActiveMeshes,1.8306386470794678,-0.000900052214092284
1,TorchLSTM,WardSendai,val,163636.359375,179758.7126493454,-16122.353274345398,2020-Q2,"Aoba Ward, Sendai City",38.27341290226016,140.86901664733887,MedianPriceSqM,1.4369711875915527,0.02336533430207055
1,TorchLSTM,WardSendai,val,163636.359375,179758.7126493454,-16122.353274345398,2020-Q2,"Aoba Ward, Sendai City",38.27341290226016,140.86901664733887,MedianPriceSqM_lag1,1.497145652770996,-0.010263317686622031
1,TorchLSTM,WardSendai,val,163636.359375,179758.7126493454,-16122.353274345398,2020-Q2,"Aoba Ward, Sendai City",38.27341290226016,140.86901664733887,MedianPriceSqM_ma4q,1.6065187454223633,0.04611216014018282
1,TorchLSTM,WardSendai,val,163636.359375,179758.7126493454,-16122.353274345398,2020-Q2,"Aoba Ward, Sendai City",38.27341290226016,140.86901664733887,MedianPriceSqM_growth_qoq,-0.09001445770263672,-0.00015710832678905717
1,TorchLSTM,WardSendai,val,163636.359375,179758.7126493454,-16122.353274345398,2020-Q2,"Aoba Ward, Sendai City",38.27341290226016,140.86901664733887,TransactionCount,1.6202974319458008,0.001881392818177119
1,TorchLSTM,WardSendai,val,163636.359375,179758.7126493454,-16122.353274345398,2020-Q2,"Aoba Ward, Sendai City",38.27341290226016,140.86901664733887,AvgBuildingAge,1.6273773908615112,0.009647216618759558
1,TorchLSTM,WardSendai,val,163636.359375,179758.7126493454,-16122.353274345398,2020-Q2,"Aoba Ward, Sendai City",38.27341290226016,140.86901664733887,ActiveMeshes,1.7378474473953247,-0.0015641958261767286
2,TorchLSTM,WardSendai,val,171921.1875,175821.05100154877,-3899.863501548767,2020-Q3,"Aoba Ward, Sendai City",38.27341290226016,140.86901664733887,MedianPriceSqM,1.3596959114074707,0.02157524790527532
2,TorchLSTM,WardSendai,val,171921.1875,175821.05100154877,-3899.863501548767,2020-Q3,"Aoba Ward, Sendai City",38.27341290226016,140.86901664733887,MedianPriceSqM_lag1,1.4521218538284302,-0.010003565957958926
2,TorchLSTM,WardSendai,val,171921.1875,175821.05100154877,-3899.863501548767,2020-Q3,"Aoba Ward, Sendai City",38.27341290226016,140.86901664733887,MedianPriceSqM_ma4q,1.5987534523010254,0.04501594552129973
2,TorchLSTM,WardSendai,val,171921.1875,175821.05100154877,-3899.863501548767,2020-Q3,"Aoba Ward, Sendai City",38.27341290226016,140.86901664733887,MedianPriceSqM_growth_qoq,-0.09246844053268433,0.00010963594104396179
2,TorchLSTM,WardSendai,val,171921.1875,175821.05100154877,-3899.863501548767,2020-Q3,"Aoba Ward, Sendai City",38.27341290226016,140.86901664733887,TransactionCount,1.4802558422088623,0.0018998875020770356
2,TorchLSTM,WardSendai,val,171921.1875,175821.05100154877,-3899.863501548767,2020-Q3,"Aoba Ward, Sendai City",38.27341290226016,140.86901664733887,AvgBuildingAge,1.6652491092681885,0.008617284271167591
2,TorchLSTM,WardSendai,val,171921.1875,175821.05100154877,-3899.863501548767,2020-Q3,"Aoba Ward, Sendai City",38.27341290226016,140.86901664733887,ActiveMeshes,1.761045217514038,-0.000539495398697909
3,TorchLSTM,WardSendai,val,185185.1875,175712.65995502472,9472.52754497528,2020-Q4,"Aoba Ward, Sendai City",38.27341290226016,140.86901664733887,MedianPriceSqM,1.471423625946045,0.021891456839512102
3,TorchLSTM,WardSendai,val,185185.1875,175712.65995502472,9472.52754497528,2020-Q4,"Aoba Ward, Sendai City",38.27341290226016,140.86901664733887,MedianPriceSqM_lag1,1.3775696754455566,-0.010388033548224485
3,TorchLSTM,WardSendai,val,185185.1875,175712.65995502472,9472.52754497528,2020-Q4,"Aoba Ward, Sendai City",38.27341290226016,140.86901664733887,MedianPriceSqM_ma4q,1.5995800495147705,0.0438828955993813
3,TorchLSTM,WardSendai,val,185185.1875,175712.65995502472,9472.52754497528,2020-Q4,"Aoba Ward, Sendai City",38.27341290226016,140.86901664733887,MedianPriceSqM_growth_qoq,-0.07844860851764679,-8.541933766537113e-06
3,TorchLSTM,WardSendai,val,185185.1875,175712.65995502472,9472.52754497528,2020-Q4,"Aoba Ward, Sendai City",38.27341290226016,140.86901664733887,TransactionCount,1.508264183998108,0.0017890307353809476
3,TorchLSTM,WardSendai,val,185185.1875,175712.65995502472,9472.52754497528,2020-Q4,"Aoba Ward, Sendai City",38.27341290226016,140.86901664733887,AvgBuildingAge,1.699597716331482,0.008494323497870937
3,TorchLSTM,WardSendai,val,185185.1875,175712.65995502472,9472.52754497528,2020-Q4,"Aoba Ward, Sendai City",38.27341290226016,140.86901664733887,ActiveMeshes,1.7378474473953247,-0.0009552452465868555
4,TorchLSTM,WardSendai,val,179473.6875,183633.99803638458,-4160.3105363845825,2021-Q1,"Aoba Ward, Sendai City",38.27341290226016,140.86901664733887,MedianPriceSqM,1.5118920803070068,0.024167131501599215
4,TorchLSTM,WardSendai,val,179473.6875,183633.99803638458,-4160.3105363845825,2021-Q1,"Aoba Ward, Sendai City",38.27341290226016,140.86901664733887,MedianPriceSqM_lag1,1.4853603839874268,-0.010069603962620022
4,TorchLSTM,WardSendai,val,179473.6875,183633.99803638458,-4160.3105363845825,2021-Q1,"Aoba Ward, Sendai City",38.27341290226016,140.86901664733887,MedianPriceSqM_ma4q,1.6069812774658203,0.04669365140944137
4,TorchLSTM,WardSendai,val,179473.6875,183633.99803638458,-4160.3105363845825,2021-Q1,"Aoba Ward, Sendai City",38.27341290226016,140.86901664733887,MedianPriceSqM_growth_qoq,-0.08614927530288696,-6.515069503620907e-05
4,TorchLSTM,WardSendai,val,179473.6875,183633.99803638458,-4160.3105363845825,2021-Q1,"Aoba Ward, Sendai City",38.27341290226016,140.86901664733887,TransactionCount,1.5276544094085693,0.0019048221147386357
4,TorchLSTM,WardSendai,val,179473.6875,183633.99803638458,-4160.3105363845825,2021-Q1,"Aoba Ward, Sendai City",38.27341290226016,140.86901664733887,AvgBuildingAge,1.7776529788970947,0.008877270738594234
4,TorchLSTM,WardSendai,val,179473.6875,183633.99803638458,-4160.3105363845825,2021-Q1,"Aoba Ward, Sendai City",38.27341290226016,140.86901664733887,ActiveMeshes,1.7378473281860352,-6.576731539098546e-05
5,TorchLSTM,WardSendai,val,185714.28125,184108.80863666534,1605.4726133346558,2021-Q2,"Aoba Ward, Sendai City",38.27341290226016,140.86901664733887,MedianPriceSqM,1.5582332611083984,0.024513562719221227
5,TorchLSTM,WardSendai,val,185714.28125,184108.80863666534,1605.4726133346558,2021-Q2,"Aoba Ward, Sendai City",38.27341290226016,140.86901664733887,MedianPriceSqM_lag1,1.5244026184082031,-0.010494736663531512
5,TorchLSTM,WardSendai,val,185714.28125,184108.80863666534,1605.4726133346558,2021-Q2,"Aoba Ward, Sendai City",38.27341290226016,140.86901664733887,MedianPriceSqM_ma4q,1.638746976852417,0.047124084856477566
5,TorchLSTM,WardSendai,val,185714.28125,184108.80863666534,1605.4726133346558,2021-Q2,"Aoba Ward, Sendai City",38.27341290226016,140.86901664733887,MedianPriceSqM_growth_qoq,-0.08559572696685791,3.0383828288904624e-05
5,TorchLSTM,WardSendai,val,185714.28125,184108.80863666534,1605.4726133346558,2021-Q2,"Aoba Ward, Sendai City",38.27341290226016,140.86901664733887,TransactionCount,1.6741597652435303,0.00205760620883666
5,TorchLSTM,WardSendai,val,185714.28125,184108.80863666534,1605.4726133346558,2021-Q2,"Aoba Ward, Sendai City",38.27341290226016,140.86901664733887,AvgBuildingAge,1.7133053541183472,0.00857483918662183
5,TorchLSTM,WardSendai,val,185714.28125,184108.80863666534,1605.4726133346558,2021-Q2,"Aoba Ward, Sendai City",38.27341290226016,140.86901664733887,ActiveMeshes,1.761045217514038,0.0010463203943800181
6,TorchLSTM,WardSendai,val,168627.453125,185508.50450992584,-16881.051384925842,2021-Q3,"Aoba Ward, Sendai City",38.27341290226016,140.86901664733887,MedianPriceSqM,1.5718700885772705,0.025659021150204353
6,TorchLSTM,WardSendai,val,168627.453125,185508.50450992584,-16881.051384925842,2021-Q3,"Aoba Ward, Sendai City",38.27341290226016,140.86901664733887,MedianPriceSqM_lag1,1.5691108703613281,-0.0111378342644457
6,TorchLSTM,WardSendai,val,168627.453125,185508.50450992584,-16881.051384925842,2021-Q3,"Aoba Ward, Sendai City",38.27341290226016,140.86901664733887,MedianPriceSqM_ma4q,1.6943280696868896,0.04966073789546499
6,TorchLSTM,WardSendai,val,168627.453125,185508.50450992584,-16881.051384925842,2021-Q3,"Aoba Ward, Sendai City",38.27341290226016,140.86901664733887,MedianPriceSqM_growth_qoq,-0.0883818194270134,-1.1050642569898628e-05
6,TorchLSTM,WardSendai,val,168627.453125,185508.50450992584,-16881.051384925842,2021-Q3,"Aoba Ward, Sendai City",38.27341290226016,140.86901664733887,TransactionCount,1.8335916996002197,0.0022061085765017197
6,TorchLSTM,WardSendai,val,168627.453125,185508.50450992584,-16881.051384925842,2021-Q3,"Aoba Ward, Sendai City",38.27341290226016,140.86901664733887,AvgBuildingAge,1.6876131296157837,0.00796074274694547
6,TorchLSTM,WardSendai,val,168627.453125,185508.50450992584,-16881.051384925842,2021-Q3,"Aoba Ward, Sendai City",38.27341290226016,140.86901664733887,ActiveMeshes,1.784243106842041,0.0002915689183282666
7,TorchLSTM,WardSendai,val,166666.671875,181785.76231002808,-15119.090435028076,2021-Q4,"Aoba Ward, Sendai City",38.27341290226016,140.86901664733887,MedianPriceSqM,1.538693904876709,0.023600851811352186
7,TorchLSTM,WardSendai,val,166666.671875,181785.76231002808,-15119.090435028076,2021-Q4,"Aoba Ward, Sendai City",38.27341290226016,140.86901664733887,MedianPriceSqM_lag1,1.582267165184021,-0.011521170901687583
7,TorchLSTM,WardSendai,val,166666.671875,181785.76231002808,-15119.090435028076,2021-Q4,"Aoba Ward, Sendai City",38.27341290226016,140.86901664733887,MedianPriceSqM_ma4q,1.7119501829147339,0.05042013384081656
7,TorchLSTM,WardSendai,val,166666.671875,181785.76231002808,-15119.090435028076,2021-Q4,"Aoba Ward, Sendai City",38.27341290226016,140.86901664733887,MedianPriceSqM_growth_qoq,-0.09176364541053772,0.0001205249800477759
7,TorchLSTM,WardSendai,val,166666.671875,181785.76231002808,-15119.090435028076,2021-Q4,"Aoba Ward, Sendai City",38.27341290226016,140.86901664733887,TransactionCount,1.9068442583084106,0.002373338400502689
7,TorchLSTM,WardSendai,val,166666.671875,181785.76231002808,-15119.090435028076,2021-Q4,"Aoba Ward, Sendai City",38.27341290226016,140.86901664733887,AvgBuildingAge,1.6401677131652832,0.007844741572625935
7,TorchLSTM,WardSendai,val,166666.671875,181785.76231002808,-15119.090435028076,2021-Q4,"Aoba Ward, Sendai City",38.27341290226016,140.86901664733887,ActiveMeshes,1.7378474473953247,-0.001287080960764797
8,TorchLSTM,WardSendai,val,140067.34375,121501.15519762039,18566.188552379608,2020-Q1,"Izumi Ward, Sendai City",38.3227959466935,140.88070034980774,MedianPriceSqM,-0.09979754686355591,0.0011838813406939153
8,TorchLSTM,WardSendai,val,140067.34375,121501.15519762039,18566.188552379608,2020-Q1,"Izumi Ward, Sendai City",38.3227959466935,140.88070034980774,MedianPriceSqM_lag1,-0.004911275580525398,-0.001743643575537135
8,TorchLSTM,WardSendai,val,140067.34375,121501.15519762039,18566.188552379608,2020-Q1,"Izumi Ward, Sendai City",38.3227959466935,140.88070034980774,MedianPriceSqM_ma4q,0.007028496824204922,0.004319732492149342
8,TorchLSTM,WardSendai,val,140067.34375,121501.15519762039,18566.188552379608,2020-Q1,"Izumi Ward, Sendai City",38.3227959466935,140.88070034980774,MedianPriceSqM_growth_qoq,-0.09434905648231506,7.539708239079346e-05
8,TorchLSTM,WardSendai,val,140067.34375,121501.15519762039,18566.188552379608,2020-Q1,"Izumi Ward, Sendai City",38.3227959466935,140.88070034980774,TransactionCount,-0.1269916296005249,0.0004990069319319446
8,TorchLSTM,WardSendai,val,140067.34375,121501.15519762039,18566.188552379608,2020-Q1,"Izumi Ward, Sendai City",38.3227959466935,140.88070034980774,AvgBuildingAge,0.5328473448753357,0.003214089520042762
8,TorchLSTM,WardSendai,val,140067.34375,121501.15519762039,18566.188552379608,2020-Q1,"Izumi Ward, Sendai City",38.3227959466935,140.88070034980774,ActiveMeshes,-1.138681173324585,0.001736662812618306
9,TorchLSTM,WardSendai,val,113306.8046875,128483.89148712158,-15177.086799621582,2020-Q2,"Izumi Ward, Sendai City",38.3227959466935,140.88070034980774,MedianPriceSqM,-0.01960316114127636,0.005653335101669654
9,TorchLSTM,WardSendai,val,113306.8046875,128483.89148712158,-15177.086799621582,2020-Q2,"Izumi Ward, Sendai City",38.3227959466935,140.88070034980774,MedianPriceSqM_lag1,-0.030492916703224182,-0.001152694900156348
9,TorchLSTM,WardSendai,val,113306.8046875,128483.89148712158,-15177.086799621582,2020-Q2,"Izumi Ward, Sendai City",38.3227959466935,140.88070034980774,MedianPriceSqM_ma4q,0.018472984433174133,0.00572069388726959
9,TorchLSTM,WardSendai,val,113306.8046875,128483.89148712158,-15177.086799621582,2020-Q2,"Izumi Ward, Sendai City",38.3227959466935,140.88070034980774,MedianPriceSqM_growth_qoq,-0.08113333582878113,-0.0002716245428757702
9,TorchLSTM,WardSendai,val,113306.8046875,128483.89148712158,-15177.086799621582,2020-Q2,"Izumi Ward, Sendai City",38.3227959466935,140.88070034980774,TransactionCount,-0.05373906344175339,0.0004736447044706438
9,TorchLSTM,WardSendai,val,113306.8046875,128483.89148712158,-15177.086799621582,2020-Q2,"Izumi Ward, Sendai City",38.3227959466935,140.88070034980774,AvgBuildingAge,0.4315873086452484,0.0008307095340569504
9,TorchLSTM,WardSendai,val,113306.8046875,128483.89148712158,-15177.086799621582,2020-Q2,"Izumi Ward, Sendai City",38.3227959466935,140.88070034980774,ActiveMeshes,-1.1618789434432983,0.001808431694371393
10,TorchLSTM,WardSendai,val,130434.78125,128381.1628818512,2053.6183681488037,2020-Q3,"Izumi Ward, Sendai City",38.3227959466935,140.88070034980774,MedianPriceSqM,-0.02309330925345421,0.0038696659757988527
10,TorchLSTM,WardSendai,val,130434.78125,128381.1628818512,2053.6183681488037,2020-Q3,"Izumi Ward, Sendai City",38.3227959466935,140.88070034980774,MedianPriceSqM_lag1,0.046875499188899994,-0.0016600590370217105
10,TorchLSTM,WardSendai,val,130434.78125,128381.1628818512,2053.6183681488037,2020-Q3,"Izumi Ward, Sendai City",38.3227959466935,140.88070034980774,MedianPriceSqM_ma4q,0.03633327782154083,0.005710852141419309
10,TorchLSTM,WardSendai,val,130434.78125,128381.1628818512,2053.6183681488037,2020-Q3,"Izumi Ward, Sendai City",38.3227959466935,140.88070034980774,MedianPriceSqM_growth_qoq,-0.0890088602900505,0.00014666432161902776
10,TorchLSTM,WardSendai,val,130434.78125,128381.1628818512,2053.6183681488037,2020-Q3,"Izumi Ward, Sendai City",38.3227959466935,140.88070034980774,TransactionCount,-0.07528392970561981,0.0005711260455427691
10,TorchLSTM,WardSendai,val,130434.78125,128381.1628818512,2053.6183681488037,2020-Q3,"Izumi Ward, Sendai City",38.3227959466935,140.88070034980774,AvgBuildingAge,0.4150582551956177,0.0021646968634740915
10,TorchLSTM,WardSendai,val,130434.78125,128381.1628818512,2053.6183681488037,2020-Q3,"Izumi Ward, Sendai City",38.3227959466935,140.88070034980774,ActiveMeshes,-1.1618789434432983,0.0022170290285430383
11,TorchLSTM,WardSendai,val,114642.859375,131138.8611793518,-16496.001804351807,2020-Q4,"Izumi Ward, Sendai City",38.3227959466935,140.88070034980774,MedianPriceSqM,0.025096707046031952,0.005548248765990138
11,TorchLSTM,WardSendai,val,114642.859375,131138.8611793518,-16496.001804351807,2020-Q4,"Izumi Ward, Sendai City",38.3227959466935,140.88070034980774,MedianPriceSqM_lag1,0.04350835084915161,-0.002443981831675046
11,TorchLSTM,WardSendai,val,114642.859375,131138.8611793518,-16496.001804351807,2020-Q4,"Izumi Ward, Sendai City",38.3227959466935,140.88070034980774,MedianPriceSqM_ma4q,0.062104418873786926,0.008041698236411321
11,TorchLSTM,WardSendai,val,114642.859375,131138.8611793518,-16496.001804351807,2020-Q4,"Izumi Ward, Sendai City",38.3227959466935,140.88070034980774,MedianPriceSqM_growth_qoq,-0.08284440636634827,-0.00011265318426012527
11,TorchLSTM,WardSendai,val,114642.859375,131138.8611793518,-16496.001804351807,2020-Q4,"Izumi Ward, Sendai City",38.3227959466935,140.88070034980774,TransactionCount,-0.032194193452596664,0.0004965489024471026
11,TorchLSTM,WardSendai,val,114642.859375,131138.8611793518,-16496.001804351807,2020-Q4,"Izumi Ward, Sendai City",38.3227959466935,140.88070034980774,AvgBuildingAge,0.329643189907074,-0.00014082789130043238
11,TorchLSTM,WardSendai,val,114642.859375,131138.8611793518,-16496.001804351807,2020-Q4,"Izumi Ward, Sendai City",38.3227959466935,140.88070034980774,ActiveMeshes,-1.1618789434432983,0.002163587287213886
12,TorchLSTM,WardSendai,val,94285.7109375,131764.11390304565,-37478.402965545654,2021-Q1,"Izumi Ward, Sendai City",38.3227959466935,140.88070034980774,MedianPriceSqM,-0.0014319643378257751,0.004013338988443138
12,TorchLSTM,WardSendai,val,94285.7109375,131764.11390304565,-37478.402965545654,2021-Q1,"Izumi Ward, Sendai City",38.3227959466935,140.88070034980774,MedianPriceSqM_lag1,0.0900001972913742,-0.0024619029582026997
12,TorchLSTM,WardSendai,val,94285.7109375,131764.11390304565,-37478.402965545654,2021-Q1,"Izumi Ward, Sendai City",38.3227959466935,140.88070034980774,MedianPriceSqM_ma4q,0.08787225186824799,0.00964228870907391
12,TorchLSTM,WardSendai,val,94285.7109375,131764.11390304565,-37478.402965545654,2021-Q1,"Izumi Ward, Sendai City",38.3227959466935,140.88070034980774,MedianPriceSqM_growth_qoq,-0.09081321954727173,0.00011553101307981706
12,TorchLSTM,WardSendai,val,94285.7109375,131764.11390304565,-37478.402965545654,2021-Q1,"Izumi Ward, Sendai City",38.3227959466935,140.88070034980774,TransactionCount,0.04321286082267761,0.0005730794291594066
12,TorchLSTM,WardSendai,val,94285.7109375,131764.11390304565,-37478.402965545654,2021-Q1,"Izumi Ward, Sendai City",38.3227959466935,140.88070034980774,AvgBuildingAge,0.442659467458725,0.002675222662219312
12,TorchLSTM,WardSendai,val,94285.7109375,131764.11390304565,-37478.402965545654,2021-Q1,"Izumi Ward, Sendai City",38.3227959466935,140.88070034980774,ActiveMeshes,-1.138681173324585,0.002026927122642519
13,TorchLSTM,WardSendai,val,124137.9296875,122305.68379163742,1832.2458958625793,2021-Q2,"Izumi Ward, Sendai City",38.3227959466935,140.88070034980774,MedianPriceSqM,-0.09143495559692383,-8.69805553520564e-05
13,TorchLSTM,WardSendai,val,124137.9296875,122305.68379163742,1832.2458958625793,2021-Q2,"Izumi Ward, Sendai City",38.3227959466935,140.88070034980774,MedianPriceSqM_lag1,0.0644063800573349,-0.0025810408042161725
13,TorchLSTM,WardSendai,val,124137.9296875,122305.68379163742,1832.2458958625793,2021-Q2,"Izumi Ward, Sendai City",38.3227959466935,140.88070034980774,MedianPriceSqM_ma4q,0.06905519962310791,0.005508570702659199
13,TorchLSTM,WardSendai,val,124137.9296875,122305.68379163742,1832.2458958625793,2021-Q2,"Izumi Ward, Sendai City",38.3227959466935,140.88070034980774,MedianPriceSqM_growth_qoq,-0.09834261238574982,0.0002656546998878184
13,TorchLSTM,WardSendai,val,124137.9296875,122305.68379163742,1832.2458958625793,2021-Q2,"Izumi Ward, Sendai City",38.3227959466935,140.88070034980774,TransactionCount,-0.012803811579942703,0.0006385120250342879
13,TorchLSTM,WardSendai,val,124137.9296875,122305.68379163742,1832.2458958625793,2021-Q2,"Izumi Ward, Sendai City",38.3227959466935,140.88070034980774,AvgBuildingAge,0.668207585811615,0.004669859110435937
13,TorchLSTM,WardSendai,val,124137.9296875,122305.68379163742,1832.2458958625793,2021-Q2,"Izumi Ward, Sendai City",38.3227959466935,140.88070034980774,ActiveMeshes,-1.115483283996582,0.0019155893642164301
14,TorchLSTM,WardSendai,val,116000.0,124485.3138923645,-8485.313892364502,2021-Q3,"Izumi Ward, Sendai City",38.3227959466935,140.88070034980774,MedianPriceSqM,-0.07320159673690796,0.002415778082649922
14,TorchLSTM,WardSendai,val,116000.0,124485.3138923645,-8485.313892364502,2021-Q3,"Izumi Ward, Sendai City",38.3227959466935,140.88070034980774,MedianPriceSqM_lag1,-0.022425023838877678,-0.0014961997903810698
14,TorchLSTM,WardSendai,val,116000.0,124485.3138923645,-8485.313892364502,2021-Q3,"Izumi Ward, Sendai City",38.3227959466935,140.88070034980774,MedianPriceSqM_ma4q,0.05592884495854378,0.00484847590814752
14,TorchLSTM,WardSendai,val,116000.0,124485.3138923645,-8485.313892364502,2021-Q3,"Izumi Ward, Sendai City",38.3227959466935,140.88070034980774,MedianPriceSqM_growth_qoq,-0.08296419680118561,-0.00024382570371983547
14,TorchLSTM,WardSendai,val,116000.0,124485.3138923645,-8485.313892364502,2021-Q3,"Izumi Ward, Sendai City",38.3227959466935,140.88070034980774,TransactionCount,0.05398529767990112,0.0006333654346235562
14,TorchLSTM,WardSendai,val,116000.0,124485.3138923645,-8485.313892364502,2021-Q3,"Izumi Ward, Sendai City",38.3227959466935,140.88070034980774,AvgBuildingAge,0.7879886627197266,0.004103073675651103
14,TorchLSTM,WardSendai,val,116000.0,124485.3138923645,-8485.313892364502,2021-Q3,"Izumi Ward, Sendai City",38.3227959466935,140.88070034980774,ActiveMeshes,-1.115483283996582,0.001840645189076895
15,TorchLSTM,WardSendai,val,100000.0,124819.10735368729,-24819.107353687286,2021-Q4,"Izumi Ward, Sendai City",38.3227959466935,140.88070034980774,MedianPriceSqM,-0.047225236892700195,0.0025440232493565418
15,TorchLSTM,WardSendai,val,100000.0,124819.10735368729,-24819.107353687286,2021-Q4,"Izumi Ward, Sendai City",38.3227959466935,140.88070034980774,MedianPriceSqM_lag1,-0.00483417883515358,-0.000826948134090344
15,TorchLSTM,WardSendai,val,100000.0,124819.10735368729,-24819.107353687286,2021-Q4,"Izumi Ward, Sendai City",38.3227959466935,140.88070034980774,MedianPriceSqM_ma4q,0.03698340058326721,0.0029785467486362904
15,TorchLSTM,WardSendai,val,100000.0,124819.10735368729,-24819.107353687286,2021-Q4,"Izumi Ward, Sendai City",38.3227959466935,140.88070034980774,MedianPriceSqM_growth_qoq,-0.08194983750581741,1.7503488379588816e-05
15,TorchLSTM,WardSendai,val,100000.0,124819.10735368729,-24819.107353687286,2021-Q4,"Izumi Ward, Sendai City",38.3227959466935,140.88070034980774,TransactionCount,0.10784746706485748,0.0007252883897308493
15,TorchLSTM,WardSendai,val,100000.0,124819.10735368729,-24819.107353687286,2021-Q4,"Izumi Ward, Sendai City",38.3227959466935,140.88070034980774,AvgBuildingAge,0.7757496237754822,0.003916187750292011
15,TorchLSTM,WardSendai,val,100000.0,124819.10735368729,-24819.107353687286,2021-Q4,"Izumi Ward, Sendai City",38.3227959466935,140.88070034980774,ActiveMeshes,-1.0690877437591553,0.0021511931881832425
16,TorchLSTM,WardSendai,val,213809.53125,173642.97807216644,40166.55317783356,2020-Q1,"Miyagino Ward, Sendai City",38.27349713042835,140.92021465301514,MedianPriceSqM,1.546541452407837,0.021944965817965567
16,TorchLSTM,WardSendai,val,213809.53125,173642.97807216644,40166.55317783356,2020-Q1,"Miyagino Ward, Sendai City",38.27349713042835,140.92021465301514,MedianPriceSqM_lag1,1.535319209098816,-0.01119529569768929
16,TorchLSTM,WardSendai,val,213809.53125,173642.97807216644,40166.55317783356,2020-Q1,"Miyagino Ward, Sendai City",38.27349713042835,140.92021465301514,MedianPriceSqM_ma4q,1.7045533657073975,0.044527725971420296
16,TorchLSTM,WardSendai,val,213809.53125,173642.97807216644,40166.55317783356,2020-Q1,"Miyagino Ward, Sendai City",38.27349713042835,140.92021465301514,MedianPriceSqM_growth_qoq,-0.07984736561775208,2.1414000457298243e-05
16,TorchLSTM,WardSendai,val,213809.53125,173642.97807216644,40166.55317783356,2020-Q1,"Miyagino Ward, Sendai City",38.27349713042835,140.92021465301514,TransactionCount,-0.616060197353363,7.755847400403582e-05
16,TorchLSTM,WardSendai,val,213809.53125,173642.97807216644,40166.55317783356,2020-Q1,"Miyagino Ward, Sendai City",38.27349713042835,140.92021465301514,AvgBuildingAge,0.6820730566978455,0.00486630307204905
16,TorchLSTM,WardSendai,val,213809.53125,173642.97807216644,40166.55317783356,2020-Q1,"Miyagino Ward, Sendai City",38.27349713042835,140.92021465301514,ActiveMeshes,0.7635394334793091,0.00041750383979888284
17,TorchLSTM,WardSendai,val,170370.375,195643.94652843475,-25273.571528434753,2020-Q2,"Miyagino Ward, Sendai City",38.27349713042835,140.92021465301514,MedianPriceSqM,1.6174578666687012,0.028717765657347627
17,TorchLSTM,WardSendai,val,170370.375,195643.94652843475,-25273.571528434753,2020-Q2,"Miyagino Ward, Sendai City",38.27349713042835,140.92021465301514,MedianPriceSqM_lag1,1.557831048965454,-0.010577347598882625
17,TorchLSTM,WardSendai,val,170370.375,195643.94652843475,-25273.571528434753,2020-Q2,"Miyagino Ward, Sendai City",38.27349713042835,140.92021465301514,MedianPriceSqM_ma4q,1.7331900596618652,0.052368998804013245
17,TorchLSTM,WardSendai,val,170370.375,195643.94652843475,-25273.571528434753,2020-Q2,"Miyagino Ward, Sendai City",38.27349713042835,140.92021465301514,MedianPriceSqM_growth_qoq,-0.07639040052890778,-0.00031356651902569865
17,TorchLSTM,WardSendai,val,170370.375,195643.94652843475,-25273.571528434753,2020-Q2,"Miyagino Ward, Sendai City",38.27349713042835,140.92021465301514,TransactionCount,-0.5772794485092163,1.547416286484804e-05
17,TorchLSTM,WardSendai,val,170370.375,195643.94652843475,-25273.571528434753,2020-Q2,"Miyagino Ward, Sendai City",38.27349713042835,140.92021465301514,AvgBuildingAge,0.4759882092475891,0.0012209704727865756
17,TorchLSTM,WardSendai,val,170370.375,195643.94652843475,-25273.571528434753,2020-Q2,"Miyagino Ward, Sendai City",38.27349713042835,140.92021465301514,ActiveMeshes,0.7867372035980225,0.0005923393996454251
18,TorchLSTM,WardSendai,val,200000.0,197986.02163791656,2013.978362083435,2020-Q3,"Miyagino Ward, Sendai City",38.27349713042835,140.92021465301514,MedianPriceSqM,1.6214466094970703,0.02560112408536952
18,TorchLSTM,WardSendai,val,200000.0,197986.02163791656,2013.978362083435,2020-Q3,"Miyagino Ward, Sendai City",38.27349713042835,140.92021465301514,MedianPriceSqM_lag1,1.6262483596801758,-0.011403845172026195
18,TorchLSTM,WardSendai,val,200000.0,197986.02163791656,2013.978362083435,2020-Q3,"Miyagino Ward, Sendai City",38.27349713042835,140.92021465301514,MedianPriceSqM_ma4q,1.745471477508545,0.051273521057737526
18,TorchLSTM,WardSendai,val,200000.0,197986.02163791656,2013.978362083435,2020-Q3,"Miyagino Ward, Sendai City",38.27349713042835,140.92021465301514,MedianPriceSqM_growth_qoq,-0.0800526961684227,0.00012054545118189708
18,TorchLSTM,WardSendai,val,200000.0,197986.02163791656,2013.978362083435,2020-Q3,"Miyagino Ward, Sendai City",38.27349713042835,140.92021465301514,TransactionCount,-0.5665069818496704,4.886388705926947e-05
18,TorchLSTM,WardSendai,val,200000.0,197986.02163791656,2013.978362083435,2020-Q3,"Miyagino Ward, Sendai City",38.27349713042835,140.92021465301514,AvgBuildingAge,0.441864550113678,0.0014580204006051645
18,TorchLSTM,WardSendai,val,200000.0,197986.02163791656,2013.978362083435,2020-Q3,"Miyagino Ward, Sendai City",38.27349713042835,140.92021465301514,ActiveMeshes,0.7635394334793091,-0.0005618276918539777
19,TorchLSTM,WardSendai,val,200000.0,203378.364443779,-3378.3644437789917,2020-Q4,"Miyagino Ward, Sendai City",38.27349713042835,140.92021465301514,MedianPriceSqM,1.6914489269256592,0.028497928331489675
19,TorchLSTM,WardSendai,val,200000.0,203378.364443779,-3378.3644437789917,2020-Q4,"Miyagino Ward, Sendai City",38.27349713042835,140.92021465301514,MedianPriceSqM_lag1,1.630096673965454,-0.012504860893386649
19,TorchLSTM,WardSendai,val,200000.0,203378.364443779,-3378.3644437789917,2020-Q4,"Miyagino Ward, Sendai City",38.27349713042835,140.92021465301514,MedianPriceSqM_ma4q,1.7895441055297852,0.05452180727661471
19,TorchLSTM,WardSendai,val,200000.0,203378.364443779,-3378.3644437789917,2020-Q4,"Miyagino Ward, Sendai City",38.27349713042835,140.92021465301514,MedianPriceSqM_growth_qoq,-0.07484330236911774,-0.00016261256246252742
19,TorchLSTM,WardSendai,val,200000.0,203378.364443779,-3378.3644437789917,2020-Q4,"Miyagino Ward, Sendai City",38.27349713042835,140.92021465301514,TransactionCount,-0.5212627649307251,4.364247070043348e-05
19,TorchLSTM,WardSendai,val,200000.0,203378.364443779,-3378.3644437789917,2020-Q4,"Miyagino Ward, Sendai City",38.27349713042835,140.92021465301514,AvgBuildingAge,0.450430303812027,3.755094076041132e-05
19,TorchLSTM,WardSendai,val,200000.0,203378.364443779,-3378.3644437789917,2020-Q4,"Miyagino Ward, Sendai City",38.27349713042835,140.92021465301514,ActiveMeshes,0.7867372035980225,0.0006020281152814277
20,TorchLSTM,WardSendai,val,203030.296875,213006.07919692993,-9975.782321929932,2021-Q1,"Miyagino Ward, Sendai City",38.27349713042835,140.92021465301514,MedianPriceSqM,1.7837707996368408,0.03018958098255098
20,TorchLSTM,WardSendai,val,203030.296875,213006.07919692993,-9975.782321929932,2021-Q1,"Miyagino Ward, Sendai City",38.27349713042835,140.92021465301514,MedianPriceSqM_lag1,1.697632074356079,-0.012452508744900115
20,TorchLSTM,WardSendai,val,203030.296875,213006.07919692993,-9975.782321929932,2021-Q1,"Miyagino Ward, Sendai City",38.27349713042835,140.92021465301514,MedianPriceSqM_ma4q,1.8516886234283447,0.059404053281468805
20,TorchLSTM,WardSendai,val,203030.296875,213006.07919692993,-9975.782321929932,2021-Q1,"Miyagino Ward, Sendai City",38.27349713042835,140.92021465301514,MedianPriceSqM_growth_qoq,-0.0731697678565979,-5.7717211007002334e-05
20,TorchLSTM,WardSendai,val,203030.296875,213006.07919692993,-9975.782321929932,2021-Q1,"Miyagino Ward, Sendai City",38.27349713042835,140.92021465301514,TransactionCount,-0.48463648557662964,0.00014204377839632798
20,TorchLSTM,WardSendai,val,203030.296875,213006.07919692993,-9975.782321929932,2021-Q1,"Miyagino Ward, Sendai City",38.27349713042835,140.92021465301514,AvgBuildingAge,0.43035441637039185,-6.37127086520195e-05
20,TorchLSTM,WardSendai,val,203030.296875,213006.07919692993,-9975.782321929932,2021-Q1,"Miyagino Ward, Sendai City",38.27349713042835,140.92021465301514,ActiveMeshes,0.8563306331634521,0.0010595613202895038
21,TorchLSTM,WardSendai,val,226785.71875,214996.3229894638,11789.395760536194,2021-Q2,"Miyagino Ward, Sendai City",38.27349713042835,140.92021465301514,MedianPriceSqM,2.0183846950531006,0.03159842037712224
21,TorchLSTM,WardSendai,val,226785.71875,214996.3229894638,11789.395760536194,2021-Q2,"Miyagino Ward, Sendai City",38.27349713042835,140.92021465301514,MedianPriceSqM_lag1,1.7867008447647095,-0.013386503351284773
21,TorchLSTM,WardSendai,val,226785.71875,214996.3229894638,11789.395760536194,2021-Q2,"Miyagino Ward, Sendai City",38.27349713042835,140.92021465301514,MedianPriceSqM_ma4q,1.95671546459198,0.060331659064104315
21,TorchLSTM,WardSendai,val,226785.71875,214996.3229894638,11789.395760536194,2021-Q2,"Miyagino Ward, Sendai City",38.27349713042835,140.92021465301514,MedianPriceSqM_growth_qoq,-0.062217533588409424,-4.4227349860648246e-05
21,TorchLSTM,WardSendai,val,226785.71875,214996.3229894638,11789.395760536194,2021-Q2,"Miyagino Ward, Sendai City",38.27349713042835,140.92021465301514,TransactionCount,-0.4997178912162781,0.00019418448857777548
21,TorchLSTM,WardSendai,val,226785.71875,214996.3229894638,11789.395760536194,2021-Q2,"Miyagino Ward, Sendai City",38.27349713042835,140.92021465301514,AvgBuildingAge,0.30654171109199524,-0.0015602382918586954
21,TorchLSTM,WardSendai,val,226785.71875,214996.3229894638,11789.395760536194,2021-Q2,"Miyagino Ward, Sendai City",38.27349713042835,140.92021465301514,ActiveMeshes,0.8563306331634521,-0.00022713584166922374
22,TorchLSTM,WardSendai,val,241224.125,227330.81877231598,13893.306227684021,2021-Q3,"Miyagino Ward, Sendai City",38.27349713042835,140.92021465301514,MedianPriceSqM,2.066927909851074,0.036069115391001105
22,TorchLSTM,WardSendai,val,241224.125,227330.81877231598,13893.306227684021,2021-Q3,"Miyagino Ward, Sendai City",38.27349713042835,140.92021465301514,MedianPriceSqM_lag1,2.013047218322754,-0.014103854078712175
22,TorchLSTM,WardSendai,val,241224.125,227330.81877231598,13893.306227684021,2021-Q3,"Miyagino Ward, Sendai City",38.27349713042835,140.92021465301514,MedianPriceSqM_ma4q,2.073413610458374,0.06669430535839638
22,TorchLSTM,WardSendai,val,241224.125,227330.81877231598,13893.306227684021,2021-Q3,"Miyagino Ward, Sendai City",38.27349713042835,140.92021465301514,MedianPriceSqM_growth_qoq,-0.08340715616941452,-0.0001319328081308413
22,TorchLSTM,WardSendai,val,241224.125,227330.81877231598,13893.306227684021,2021-Q3,"Miyagino Ward, Sendai City",38.27349713042835,140.92021465301514,TransactionCount,-0.41353839635849,0.0002598199914700672
22,TorchLSTM,WardSendai,val,241224.125,227330.81877231598,13893.306227684021,2021-Q3,"Miyagino Ward, Sendai City",38.27349713042835,140.92021465301514,AvgBuildingAge,-0.03139066696166992,-0.003177690836309921
22,TorchLSTM,WardSendai,val,241224.125,227330.81877231598,13893.306227684021,2021-Q3,"Miyagino Ward, Sendai City",38.27349713042835,140.92021465301514,ActiveMeshes,0.8331328630447388,-0.00028962784199393354
23,TorchLSTM,WardSendai,val,173783.78125,237618.46125125885,-63834.68000125885,2021-Q4,"Miyagino Ward, Sendai City",38.27349713042835,140.92021465301514,MedianPriceSqM,2.3325753211975098,0.0408950662240386
23,TorchLSTM,WardSendai,val,173783.78125,237618.46125125885,-63834.68000125885,2021-Q4,"Miyagino Ward, Sendai City",38.27349713042835,140.92021465301514,MedianPriceSqM_lag1,2.059879779815674,-0.015298866061129957
23,TorchLSTM,WardSendai,val,173783.78125,237618.46125125885,-63834.68000125885,2021-Q4,"Miyagino Ward, Sendai City",38.27349713042835,140.92021465301514,MedianPriceSqM_ma4q,2.241363048553467,0.07373677123541711
23,TorchLSTM,WardSendai,val,173783.78125,237618.46125125885,-63834.68000125885,2021-Q4,"Miyagino Ward, Sendai City",38.27349713042835,140.92021465301514,MedianPriceSqM_growth_qoq,-0.06984113901853561,-0.00012442271827239892
23,TorchLSTM,WardSendai,val,173783.78125,237618.46125125885,-63834.68000125885,2021-Q4,"Miyagino Ward, Sendai City",38.27349713042835,140.92021465301514,TransactionCount,-0.3445948362350464,0.0003404531676096667
23,TorchLSTM,WardSendai,val,173783.78125,237618.46125125885,-63834.68000125885,2021-Q4,"Miyagino Ward, Sendai City",38.27349713042835,140.92021465301514,AvgBuildingAge,-0.1142587661743164,-0.0010597628424875438
23,TorchLSTM,WardSendai,val,173783.78125,237618.46125125885,-63834.68000125885,2021-Q4,"Miyagino Ward, Sendai City",38.27349713042835,140.92021465301514,ActiveMeshes,0.7635394334793091,-0.0004066125984536484
24,TorchLSTM,WardSendai,val,172666.671875,180763.69166374207,-8097.019788742065,2020-Q1,"Taihaku Ward, Sendai City",38.22467053363363,140.88175177574158,MedianPriceSqM,1.1567676067352295,0.024353021930437535
24,TorchLSTM,WardSendai,val,172666.671875,180763.69166374207,-8097.019788742065,2020-Q1,"Taihaku Ward, Sendai City",38.22467053363363,140.88175177574158,MedianPriceSqM_lag1,0.9222452640533447,-0.007568033171082789
24,TorchLSTM,WardSendai,val,172666.671875,180763.69166374207,-8097.019788742065,2020-Q1,"Taihaku Ward, Sendai City",38.22467053363363,140.88175177574158,MedianPriceSqM_ma4q,1.0622365474700928,0.03845653875322341
24,TorchLSTM,WardSendai,val,172666.671875,180763.69166374207,-8097.019788742065,2020-Q1,"Taihaku Ward, Sendai City",38.22467053363363,140.88175177574158,MedianPriceSqM_growth_qoq,-0.0657118633389473,-0.0002902513922435901
24,TorchLSTM,WardSendai,val,172666.671875,180763.69166374207,-8097.019788742065,2020-Q1,"Taihaku Ward, Sendai City",38.22467053363363,140.88175177574158,TransactionCount,0.1918724775314331,0.0007501265936298296
24,TorchLSTM,WardSendai,val,172666.671875,180763.69166374207,-8097.019788742065,2020-Q1,"Taihaku Ward, Sendai City",38.22467053363363,140.88175177574158,AvgBuildingAge,0.14167898893356323,0.00032469340658281
24,TorchLSTM,WardSendai,val,172666.671875,180763.69166374207,-8097.019788742065,2020-Q1,"Taihaku Ward, Sendai City",38.22467053363363,140.88175177574158,ActiveMeshes,-0.048384007066488266,0.0012046130141243339
25,TorchLSTM,WardSendai,val,143589.75,189017.4150466919,-45427.665046691895,2020-Q2,"Taihaku Ward, Sendai City",38.22467053363363,140.88175177574158,MedianPriceSqM,1.2085163593292236,0.023548175318865106
25,TorchLSTM,WardSendai,val,143589.75,189017.4150466919,-45427.665046691895,2020-Q2,"Taihaku Ward, Sendai City",38.22467053363363,140.88175177574158,MedianPriceSqM_lag1,1.1817922592163086,-0.009258727433916647
25,TorchLSTM,WardSendai,val,143589.75,189017.4150466919,-45427.665046691895,2020-Q2,"Taihaku Ward, Sendai City",38.22467053363363,140.88175177574158,MedianPriceSqM_ma4q,1.1681663990020752,0.04249432639630868
25,TorchLSTM,WardSendai,val,143589.75,189017.4150466919,-45427.665046691895,2020-Q2,"Taihaku Ward, Sendai City",38.22467053363363,140.88175177574158,MedianPriceSqM_growth_qoq,-0.08478952944278717,8.000082883086179e-05
25,TorchLSTM,WardSendai,val,143589.75,189017.4150466919,-45427.665046691895,2020-Q2,"Taihaku Ward, Sendai City",38.22467053363363,140.88175177574158,TransactionCount,0.23065322637557983,0.0006737227813573554
25,TorchLSTM,WardSendai,val,143589.75,189017.4150466919,-45427.665046691895,2020-Q2,"Taihaku Ward, Sendai City",38.22467053363363,140.88175177574158,AvgBuildingAge,-0.009898737072944641,-0.0013271159332362004
25,TorchLSTM,WardSendai,val,143589.75,189017.4150466919,-45427.665046691895,2020-Q2,"Taihaku Ward, Sendai City",38.22467053363363,140.88175177574158,ActiveMeshes,-0.0019883885979652405,0.0017465409509895835
26,TorchLSTM,WardSendai,val,143881.125,182058.84099006653,-38177.71599006653,2020-Q3,"Taihaku Ward, Sendai City",38.22467053363363,140.88175177574158,MedianPriceSqM,1.211080551147461,0.018442390879499726
26,TorchLSTM,WardSendai,val,143881.125,182058.84099006653,-38177.71599006653,2020-Q3,"Taihaku Ward, Sendai City",38.22467053363363,140.88175177574158,MedianPriceSqM_lag1,1.231717586517334,-0.010999101514244103
26,TorchLSTM,WardSendai,val,143881.125,182058.84099006653,-38177.71599006653,2020-Q3,"Taihaku Ward, Sendai City",38.22467053363363,140.88175177574158,MedianPriceSqM_ma4q,1.2622740268707275,0.0436668461188674
26,TorchLSTM,WardSendai,val,143881.125,182058.84099006653,-38177.71599006653,2020-Q3,"Taihaku Ward, Sendai City",38.22467053363363,140.88175177574158,MedianPriceSqM_growth_qoq,-0.08824911713600159,0.00022306720529741142
26,TorchLSTM,WardSendai,val,143881.125,182058.84099006653,-38177.71599006653,2020-Q3,"Taihaku Ward, Sendai City",38.22467053363363,140.88175177574158,TransactionCount,0.18325451016426086,0.0007432592319673859
26,TorchLSTM,WardSendai,val,143881.125,182058.84099006653,-38177.71599006653,2020-Q3,"Taihaku Ward, Sendai City",38.22467053363363,140.88175177574158,AvgBuildingAge,0.09893626719713211,-0.000427954129918362
26,TorchLSTM,WardSendai,val,143881.125,182058.84099006653,-38177.71599006653,2020-Q3,"Taihaku Ward, Sendai City",38.22467053363363,140.88175177574158,ActiveMeshes,0.02120942622423172,0.00043925053978455253
27,TorchLSTM,WardSendai,val,150757.578125,175841.5549993515,-25083.9768743515,2020-Q4,"Taihaku Ward, Sendai City",38.22467053363363,140.88175177574158,MedianPriceSqM,1.1646628379821777,0.01571467108442448
27,TorchLSTM,WardSendai,val,150757.578125,175841.5549993515,-25083.9768743515,2020-Q4,"Taihaku Ward, Sendai City",38.22467053363363,140.88175177574158,MedianPriceSqM_lag1,1.2341914176940918,-0.010148471174034057
27,TorchLSTM,WardSendai,val,150757.578125,175841.5549993515,-25083.9768743515,2020-Q4,"Taihaku Ward, Sendai City",38.22467053363363,140.88175177574158,MedianPriceSqM_ma4q,1.3348164558410645,0.0420398198402836
27,TorchLSTM,WardSendai,val,150757.578125,175841.5549993515,-25083.9768743515,2020-Q4,"Taihaku Ward, Sendai City",38.22467053363363,140.88175177574158,MedianPriceSqM_growth_qoq,-0.09287718683481216,9.876891340354632e-05
27,TorchLSTM,WardSendai,val,150757.578125,175841.5549993515,-25083.9768743515,2020-Q4,"Taihaku Ward, Sendai City",38.22467053363363,140.88175177574158,TransactionCount,0.23927119374275208,0.0007258723599079531
27,TorchLSTM,WardSendai,val,150757.578125,175841.5549993515,-25083.9768743515,2020-Q4,"Taihaku Ward, Sendai City",38.22467053363363,140.88175177574158,AvgBuildingAge,0.06932717561721802,-0.0016352149467593335
27,TorchLSTM,WardSendai,val,150757.578125,175841.5549993515,-25083.9768743515,2020-Q4,"Taihaku Ward, Sendai City",38.22467053363363,140.88175177574158,ActiveMeshes,0.11400067061185837,0.0017288037270191126
28,TorchLSTM,WardSendai,val,152941.171875,167798.68304729462,-14857.511172294617,2021-Q1,"Taihaku Ward, Sendai City",38.22467053363363,140.88175177574158,MedianPriceSqM,1.1432640552520752,0.015353642404079437
28,TorchLSTM,WardSendai,val,152941.171875,167798.68304729462,-14857.511172294617,2021-Q1,"Taihaku Ward, Sendai City",38.22467053363363,140.88175177574158,MedianPriceSqM_lag1,1.1894094944000244,-0.008323181773448596
28,TorchLSTM,WardSendai,val,152941.171875,167798.68304729462,-14857.511172294617,2021-Q1,"Taihaku Ward, Sendai City",38.22467053363363,140.88175177574158,MedianPriceSqM_ma4q,1.3312791585922241,0.035799900149868336
28,TorchLSTM,WardSendai,val,152941.171875,167798.68304729462,-14857.511172294617,2021-Q1,"Taihaku Ward, Sendai City",38.22467053363363,140.88175177574158,MedianPriceSqM_growth_qoq,-0.09053787589073181,1.573393092257902e-05
28,TorchLSTM,WardSendai,val,152941.171875,167798.68304729462,-14857.511172294617,2021-Q1,"Taihaku Ward, Sendai City",38.22467053363363,140.88175177574158,TransactionCount,0.3469955325126648,0.000862311997479992
28,TorchLSTM,WardSendai,val,152941.171875,167798.68304729462,-14857.511172294617,2021-Q1,"Taihaku Ward, Sendai City",38.22467053363363,140.88175177574158,AvgBuildingAge,0.0631769448518753,0.0002907084817707073
28,TorchLSTM,WardSendai,val,152941.171875,167798.68304729462,-14857.511172294617,2021-Q1,"Taihaku Ward, Sendai City",38.22467053363363,140.88175177574158,ActiveMeshes,0.11400067061185837,0.0005342116746760439
29,TorchLSTM,WardSendai,val,155277.78125,161137.6851797104,-5859.903929710388,2021-Q2,"Taihaku Ward, Sendai City",38.22467053363363,140.88175177574158,MedianPriceSqM,1.13255774974823,0.015480927162570879
29,TorchLSTM,WardSendai,val,155277.78125,161137.6851797104,-5859.903929710388,2021-Q2,"Taihaku Ward, Sendai City",38.22467053363363,140.88175177574158,MedianPriceSqM_lag1,1.168764591217041,-0.007297878073586617
29,TorchLSTM,WardSendai,val,155277.78125,161137.6851797104,-5859.903929710388,2021-Q2,"Taihaku Ward, Sendai City",38.22467053363363,140.88175177574158,MedianPriceSqM_ma4q,1.3113811016082764,0.030928501410016906
29,TorchLSTM,WardSendai,val,155277.78125,161137.6851797104,-5859.903929710388,2021-Q2,"Taihaku Ward, Sendai City",38.22467053363363,140.88175177574158,MedianPriceSqM_growth_qoq,-0.08959126472473145,2.734463021170086e-05
29,TorchLSTM,WardSendai,val,155277.78125,161137.6851797104,-5859.903929710388,2021-Q2,"Taihaku Ward, Sendai City",38.22467053363363,140.88175177574158,TransactionCount,0.4159391522407532,0.0010124936306965537
29,TorchLSTM,WardSendai,val,155277.78125,161137.6851797104,-5859.903929710388,2021-Q2,"Taihaku Ward, Sendai City",38.22467053363363,140.88175177574158,AvgBuildingAge,-0.06263288110494614,-0.0022254061441344675
29,TorchLSTM,WardSendai,val,155277.78125,161137.6851797104,-5859.903929710388,2021-Q2,"Taihaku Ward, Sendai City",38.22467053363363,140.88175177574158,ActiveMeshes,0.11400067061185837,-0.00030077777773840353
30,TorchLSTM,WardSendai,val,158823.53125,161571.4579820633,-2747.9267320632935,2021-Q3,"Taihaku Ward, Sendai City",38.22467053363363,140.88175177574158,MedianPriceSqM,1.154379963874817,0.01589063403662294
30,TorchLSTM,WardSendai,val,158823.53125,161571.4579820633,-2747.9267320632935,2021-Q3,"Taihaku Ward, Sendai City",38.22467053363363,140.88175177574158,MedianPriceSqM_lag1,1.158435583114624,-0.007060740443193936
30,TorchLSTM,WardSendai,val,158823.53125,161571.4579820633,-2747.9267320632935,2021-Q3,"Taihaku Ward, Sendai City",38.22467053363363,140.88175177574158,MedianPriceSqM_ma4q,1.2965278625488281,0.029988750891789095
30,TorchLSTM,WardSendai,val,158823.53125,161571.4579820633,-2747.9267320632935,2021-Q3,"Taihaku Ward, Sendai City",38.22467053363363,140.88175177574158,MedianPriceSqM_growth_qoq,-0.08676287531852722,2.434047530641692e-05
30,TorchLSTM,WardSendai,val,158823.53125,161571.4579820633,-2747.9267320632935,2021-Q3,"Taihaku Ward, Sendai City",38.22467053363363,140.88175177574158,TransactionCount,0.5452083945274353,0.0010972482305078302
30,TorchLSTM,WardSendai,val,158823.53125,161571.4579820633,-2747.9267320632935,2021-Q3,"Taihaku Ward, Sendai City",38.22467053363363,140.88175177574158,AvgBuildingAge,-0.0184563547372818,-0.0006047239949111827
30,TorchLSTM,WardSendai,val,158823.53125,161571.4579820633,-2747.9267320632935,2021-Q3,"Taihaku Ward, Sendai City",38.22467053363363,140.88175177574158,ActiveMeshes,0.11400067806243896,0.0007071987929521129
31,TorchLSTM,WardSendai,val,142016.8125,164124.92096424103,-22108.108464241028,2021-Q4,"Taihaku Ward, Sendai City",38.22467053363363,140.88175177574158,MedianPriceSqM,1.137534499168396,0.016646711665089242
31,TorchLSTM,WardSendai,val,142016.8125,164124.92096424103,-22108.108464241028,2021-Q4,"Taihaku Ward, Sendai City",38.22467053363363,140.88175177574158,MedianPriceSqM_lag1,1.1794888973236084,-0.0071609445658396
31,TorchLSTM,WardSendai,val,142016.8125,164124.92096424103,-22108.108464241028,2021-Q4,"Taihaku Ward, Sendai City",38.22467053363363,140.88175177574158,MedianPriceSqM_ma4q,1.2894213199615479,0.031176833777863067
31,TorchLSTM,WardSendai,val,142016.8125,164124.92096424103,-22108.108464241028,2021-Q4,"Taihaku Ward, Sendai City",38.22467053363363,140.88175177574158,MedianPriceSqM_growth_qoq,-0.09030953049659729,1.38855148179573e-05
31,TorchLSTM,WardSendai,val,142016.8125,164124.92096424103,-22108.108464241028,2021-Q4,"Taihaku Ward, Sendai City",38.22467053363363,140.88175177574158,TransactionCount,0.6701686382293701,0.0011952846798521932
31,TorchLSTM,WardSendai,val,142016.8125,164124.92096424103,-22108.108464241028,2021-Q4,"Taihaku Ward, Sendai City",38.22467053363363,140.88175177574158,AvgBuildingAge,-0.04044618830084801,-0.0008491704938933253
31,TorchLSTM,WardSendai,val,142016.8125,164124.92096424103,-22108.108464241028,2021-Q4,"Taihaku Ward, Sendai City",38.22467053363363,140.88175177574158,ActiveMeshes,0.13719847798347473,0.0013535139855775924
32,TorchLSTM,WardSendai,val,191666.671875,191426.41127109528,240.26060390472412,2020-Q1,"Wakabayashi Ward, Sendai City",38.24957240498102,140.8877170085907,MedianPriceSqM,1.8381569385528564,0.02667959191603586
32,TorchLSTM,WardSendai,val,191666.671875,191426.41127109528,240.26060390472412,2020-Q1,"Wakabayashi Ward, Sendai City",38.24957240498102,140.8877170085907,MedianPriceSqM_lag1,1.794585108757019,-0.011188233438588213
32,TorchLSTM,WardSendai,val,191666.671875,191426.41127109528,240.26060390472412,2020-Q1,"Wakabayashi Ward, Sendai City",38.24957240498102,140.8877170085907,MedianPriceSqM_ma4q,1.9881963729858398,0.04972731292946264
32,TorchLSTM,WardSendai,val,191666.671875,191426.41127109528,240.26060390472412,2020-Q1,"Wakabayashi Ward, Sendai City",38.24957240498102,140.8877170085907,MedianPriceSqM_growth_qoq,-0.08550933003425598,-0.00013965667108095658
32,TorchLSTM,WardSendai,val,191666.671875,191426.41127109528,240.26060390472412,2020-Q1,"Wakabayashi Ward, Sendai City",38.24957240498102,140.8877170085907,TransactionCount,-0.6828492879867554,-1.6350517398677766e-05
32,TorchLSTM,WardSendai,val,191666.671875,191426.41127109528,240.26060390472412,2020-Q1,"Wakabayashi Ward, Sendai City",38.24957240498102,140.8877170085907,AvgBuildingAge,0.857589840888977,0.004591253267790307
32,TorchLSTM,WardSendai,val,191666.671875,191426.41127109528,240.26060390472412,2020-Q1,"Wakabayashi Ward, Sendai City",38.24957240498102,140.8877170085907,ActiveMeshes,-0.23396649956703186,0.0009428443336219061
33,TorchLSTM,WardSendai,val,193928.578125,200522.19927310944,-6593.621148109436,2020-Q2,"Wakabayashi Ward, Sendai City",38.24957240498102,140.8877170085907,MedianPriceSqM,1.8354644775390625,0.027815222973003983
33,TorchLSTM,WardSendai,val,193928.578125,200522.19927310944,-6593.621148109436,2020-Q2,"Wakabayashi Ward, Sendai City",38.24957240498102,140.8877170085907,MedianPriceSqM_lag1,1.839170217514038,-0.011232614371692762
33,TorchLSTM,WardSendai,val,193928.578125,200522.19927310944,-6593.621148109436,2020-Q2,"Wakabayashi Ward, Sendai City",38.24957240498102,140.8877170085907,MedianPriceSqM_ma4q,1.988793969154358,0.052518910182698164
33,TorchLSTM,WardSendai,val,193928.578125,200522.19927310944,-6593.621148109436,2020-Q2,"Wakabayashi Ward, Sendai City",38.24957240498102,140.8877170085907,MedianPriceSqM_growth_qoq,-0.08900979161262512,7.6293563324725255e-06
33,TorchLSTM,WardSendai,val,193928.578125,200522.19927310944,-6593.621148109436,2020-Q2,"Wakabayashi Ward, Sendai City",38.24957240498102,140.8877170085907,TransactionCount,-0.7151666283607483,-8.172010893758852e-05
33,TorchLSTM,WardSendai,val,193928.578125,200522.19927310944,-6593.621148109436,2020-Q2,"Wakabayashi Ward, Sendai City",38.24957240498102,140.8877170085907,AvgBuildingAge,0.9869340658187866,0.0047976521691452945
33,TorchLSTM,WardSendai,val,193928.578125,200522.19927310944,-6593.621148109436,2020-Q2,"Wakabayashi Ward, Sendai City",38.24957240498102,140.8877170085907,ActiveMeshes,-0.23396649956703186,0.0009760312859725673
34,TorchLSTM,WardSendai,val,194444.4375,205459.66923236847,-11015.23173236847,2020-Q3,"Wakabayashi Ward, Sendai City",38.24957240498102,140.8877170085907,MedianPriceSqM,1.7983040809631348,0.028744656083290465
34,TorchLSTM,WardSendai,val,194444.4375,205459.66923236847,-11015.23173236847,2020-Q3,"Wakabayashi Ward, Sendai City",38.24957240498102,140.8877170085907,MedianPriceSqM_lag1,1.8365727663040161,-0.012299044876272092
34,TorchLSTM,WardSendai,val,194444.4375,205459.66923236847,-11015.23173236847,2020-Q3,"Wakabayashi Ward, Sendai City",38.24957240498102,140.8877170085907,MedianPriceSqM_ma4q,1.9956996440887451,0.054591950560279656
34,TorchLSTM,WardSendai,val,194444.4375,205459.66923236847,-11015.23173236847,2020-Q3,"Wakabayashi Ward, Sendai City",38.24957240498102,140.8877170085907,MedianPriceSqM_growth_qoq,-0.09142497181892395,5.841860229338636e-06
34,TorchLSTM,WardSendai,val,194444.4375,205459.66923236847,-11015.23173236847,2020-Q3,"Wakabayashi Ward, Sendai City",38.24957240498102,140.8877170085907,TransactionCount,-0.7388659715652466,-8.179454198398162e-05
34,TorchLSTM,WardSendai,val,194444.4375,205459.66923236847,-11015.23173236847,2020-Q3,"Wakabayashi Ward, Sendai City",38.24957240498102,140.8877170085907,AvgBuildingAge,1.0541296005249023,0.004228033876643167
34,TorchLSTM,WardSendai,val,194444.4375,205459.66923236847,-11015.23173236847,2020-Q3,"Wakabayashi Ward, Sendai City",38.24957240498102,140.8877170085907,ActiveMeshes,-0.23396649956703186,0.0010618740088830236
35,TorchLSTM,WardSendai,val,173333.328125,215258.09168815613,-41924.76356315613,2020-Q4,"Wakabayashi Ward, Sendai City",38.24957240498102,140.8877170085907,MedianPriceSqM,1.84552800655365,0.02938655916659627
35,TorchLSTM,WardSendai,val,173333.328125,215258.09168815613,-41924.76356315613,2020-Q4,"Wakabayashi Ward, Sendai City",38.24957240498102,140.8877170085907,MedianPriceSqM_lag1,1.8007218837738037,-0.012916464325826382
35,TorchLSTM,WardSendai,val,173333.328125,215258.09168815613,-41924.76356315613,2020-Q4,"Wakabayashi Ward, Sendai City",38.24957240498102,140.8877170085907,MedianPriceSqM_ma4q,2.0097367763519287,0.05860024381399853
35,TorchLSTM,WardSendai,val,173333.328125,215258.09168815613,-41924.76356315613,2020-Q4,"Wakabayashi Ward, Sendai City",38.24957240498102,140.8877170085907,MedianPriceSqM_growth_qoq,-0.0858505517244339,8.853137160258484e-06
35,TorchLSTM,WardSendai,val,173333.328125,215258.09168815613,-41924.76356315613,2020-Q4,"Wakabayashi Ward, Sendai City",38.24957240498102,140.8877170085907,TransactionCount,-0.7259390354156494,-9.885218605631962e-05
35,TorchLSTM,WardSendai,val,173333.328125,215258.09168815613,-41924.76356315613,2020-Q4,"Wakabayashi Ward, Sendai City",38.24957240498102,140.8877170085907,AvgBuildingAge,0.8212769627571106,0.002302002307260409
35,TorchLSTM,WardSendai,val,173333.328125,215258.09168815613,-41924.76356315613,2020-Q4,"Wakabayashi Ward, Sendai City",38.24957240498102,140.8877170085907,ActiveMeshes,-0.2107686847448349,0.0014807769184699282
36,TorchLSTM,WardSendai,val,174111.109375,208707.97336101532,-34596.86398601532,2021-Q1,"Wakabayashi Ward, Sendai City",38.24957240498102,140.8877170085907,MedianPriceSqM,1.7826272249221802,0.026387570818769746
36,TorchLSTM,WardSendai,val,174111.109375,208707.97336101532,-34596.86398601532,2021-Q1,"Wakabayashi Ward, Sendai City",38.24957240498102,140.8877170085907,MedianPriceSqM_lag1,1.8462815284729004,-0.013352896217838861
36,TorchLSTM,WardSendai,val,174111.109375,208707.97336101532,-34596.86398601532,2021-Q1,"Wakabayashi Ward, Sendai City",38.24957240498102,140.8877170085907,MedianPriceSqM_ma4q,1.995190143585205,0.0578656551806489
36,TorchLSTM,WardSendai,val,174111.109375,208707.97336101532,-34596.86398601532,2021-Q1,"Wakabayashi Ward, Sendai City",38.24957240498102,140.8877170085907,MedianPriceSqM_growth_qoq,-0.09368186444044113,0.00014725514256497263
36,TorchLSTM,WardSendai,val,174111.109375,208707.97336101532,-34596.86398601532,2021-Q1,"Wakabayashi Ward, Sendai City",38.24957240498102,140.8877170085907,TransactionCount,-0.7216300964355469,-6.232452324184123e-05
36,TorchLSTM,WardSendai,val,174111.109375,208707.97336101532,-34596.86398601532,2021-Q1,"Wakabayashi Ward, Sendai City",38.24957240498102,140.8877170085907,AvgBuildingAge,0.6951183080673218,0.0036455902518355288
36,TorchLSTM,WardSendai,val,174111.109375,208707.97336101532,-34596.86398601532,2021-Q1,"Wakabayashi Ward, Sendai City",38.24957240498102,140.8877170085907,ActiveMeshes,-0.23396649956703186,0.0010833253618329763
37,TorchLSTM,WardSendai,val,200000.0,195709.31792259216,4290.682077407837,2021-Q2,"Wakabayashi Ward, Sendai City",38.24957240498102,140.8877170085907,MedianPriceSqM,1.8232674598693848,0.024887549283448607
37,TorchLSTM,WardSendai,val,200000.0,195709.31792259216,4290.682077407837,2021-Q2,"Wakabayashi Ward, Sendai City",38.24957240498102,140.8877170085907,MedianPriceSqM_lag1,1.7855974435806274,-0.013004823278606636
37,TorchLSTM,WardSendai,val,200000.0,195709.31792259216,4290.682077407837,2021-Q2,"Wakabayashi Ward, Sendai City",38.24957240498102,140.8877170085907,MedianPriceSqM_ma4q,1.9919949769973755,0.05567655964841833
37,TorchLSTM,WardSendai,val,200000.0,195709.31792259216,4290.682077407837,2021-Q2,"Wakabayashi Ward, Sendai City",38.24957240498102,140.8877170085907,MedianPriceSqM_growth_qoq,-0.08635716140270233,6.68080151626782e-05
37,TorchLSTM,WardSendai,val,200000.0,195709.31792259216,4290.682077407837,2021-Q2,"Wakabayashi Ward, Sendai City",38.24957240498102,140.8877170085907,TransactionCount,-0.7884191870689392,-5.1945594350399915e-05
37,TorchLSTM,WardSendai,val,200000.0,195709.31792259216,4290.682077407837,2021-Q2,"Wakabayashi Ward, Sendai City",38.24957240498102,140.8877170085907,AvgBuildingAge,0.9649174809455872,0.006017232306476217
37,TorchLSTM,WardSendai,val,200000.0,195709.31792259216,4290.682077407837,2021-Q2,"Wakabayashi Ward, Sendai City",38.24957240498102,140.8877170085907,ActiveMeshes,-0.2803621292114258,0.0010222243145108223
38,TorchLSTM,WardSendai,val,218181.8125,203389.4807100296,14792.331789970398,2021-Q3,"Wakabayashi Ward, Sendai City",38.24957240498102,140.8877170085907,MedianPriceSqM,1.8715449571609497,0.028176230771350674
38,TorchLSTM,WardSendai,val,218181.8125,203389.4807100296,14792.331789970398,2021-Q3,"Wakabayashi Ward, Sendai City",38.24957240498102,140.8877170085907,MedianPriceSqM_lag1,1.8248056173324585,-0.011960278821788961
38,TorchLSTM,WardSendai,val,218181.8125,203389.4807100296,14792.331789970398,2021-Q3,"Wakabayashi Ward, Sendai City",38.24957240498102,140.8877170085907,MedianPriceSqM_ma4q,2.011181354522705,0.055297683749813586
38,TorchLSTM,WardSendai,val,218181.8125,203389.4807100296,14792.331789970398,2021-Q3,"Wakabayashi Ward, Sendai City",38.24957240498102,140.8877170085907,MedianPriceSqM_growth_qoq,-0.08622473478317261,-0.00011428116363276786
38,TorchLSTM,WardSendai,val,218181.8125,203389.4807100296,14792.331789970398,2021-Q3,"Wakabayashi Ward, Sendai City",38.24957240498102,140.8877170085907,TransactionCount,-0.7474839687347412,-7.274934432643931e-05
38,TorchLSTM,WardSendai,val,218181.8125,203389.4807100296,14792.331789970398,2021-Q3,"Wakabayashi Ward, Sendai City",38.24957240498102,140.8877170085907,AvgBuildingAge,0.9722214937210083,0.003543379840266425
38,TorchLSTM,WardSendai,val,218181.8125,203389.4807100296,14792.331789970398,2021-Q3,"Wakabayashi Ward, Sendai City",38.24957240498102,140.8877170085907,ActiveMeshes,-0.2571642994880676,0.0010723284940468147
39,TorchLSTM,WardSendai,val,200000.0,208158.18011760712,-8158.180117607117,2021-Q4,"Wakabayashi Ward, Sendai City",38.24957240498102,140.8877170085907,MedianPriceSqM,2.055187463760376,0.03289181199215818
39,TorchLSTM,WardSendai,val,200000.0,208158.18011760712,-8158.180117607117,2021-Q4,"Wakabayashi Ward, Sendai City",38.24957240498102,140.8877170085907,MedianPriceSqM_lag1,1.8713818788528442,-0.012010552567517152
39,TorchLSTM,WardSendai,val,200000.0,208158.18011760712,-8158.180117607117,2021-Q4,"Wakabayashi Ward, Sendai City",38.24957240498102,140.8877170085907,MedianPriceSqM_ma4q,2.066103458404541,0.05758512914326275
39,TorchLSTM,WardSendai,val,200000.0,208158.18011760712,-8158.180117607117,2021-Q4,"Wakabayashi Ward, Sendai City",38.24957240498102,140.8877170085907,MedianPriceSqM_growth_qoq,-0.07673143595457077,-0.00012440215925835219
39,TorchLSTM,WardSendai,val,200000.0,208158.18011760712,-8158.180117607117,2021-Q4,"Wakabayashi Ward, Sendai City",38.24957240498102,140.8877170085907,TransactionCount,-0.69146728515625,-1.2837138910981594e-05
39,TorchLSTM,WardSendai,val,200000.0,208158.18011760712,-8158.180117607117,2021-Q4,"Wakabayashi Ward, Sendai City",38.24957240498102,140.8877170085907,AvgBuildingAge,0.9549486041069031,0.006006457759212935
39,TorchLSTM,WardSendai,val,200000.0,208158.18011760712,-8158.180117607117,2021-Q4,"Wakabayashi Ward, Sendai City",38.24957240498102,140.8877170085907,ActiveMeshes,-0.2571642994880676,0.0014679411142424215
