muni_time,Coef,Municipality,YearParam,PriceLevel,PriceIndex
muni_time_Adachi Ward_2005,0.2578756207617863,Adachi Ward,2005-01-01,1.2941778397594086,1.0
muni_time_Adachi Ward_2006,0.010788884795361678,Adachi Ward,2006-01-01,1.0108472946831144,0.7810729434766353
muni_time_Adachi Ward_2007,-0.006778523194715119,Adachi Ward,2007-01-01,0.993244399171129,0.7674713386807612
muni_time_Adachi Ward_2008,0.04987315158871929,Adachi Ward,2008-01-01,1.0511377527650148,0.812205031234675
muni_time_Adachi Ward_2009,0.06667094165544588,Adachi Ward,2009-01-01,1.0689436754596968,0.8259635133749598
muni_time_Adachi Ward_2010,0.049568065427203156,Adachi Ward,2010-01-01,1.0508171140964964,0.8119572765145217
muni_time_Adachi Ward_2011,0.032130800613963284,Adachi Ward,2011-01-01,1.0326525680616934,0.7979216892275535
muni_time_Adachi Ward_2012,-0.005509868557507954,Adachi Ward,2012-01-01,0.9945052829279157,0.7684456126314118
muni_time_Adachi Ward_2013,-0.00041827424693825777,Adachi Ward,2013-01-01,0.9995818132175395,0.772368203587356
muni_time_Adachi Ward_2014,-0.059605159500328575,Adachi Ward,2014-01-01,0.9421364537830087,0.7279806722375609
muni_time_Adachi Ward_2015,-0.08246777054263789,Adachi Ward,2015-01-01,0.9208411155880255,0.7115259489833426
muni_time_Adachi Ward_2016,-0.0435238880017845,Adachi Ward,2016-01-01,0.9574096832135771,0.739782164243797
muni_time_Adachi Ward_2017,-0.043646092637338985,Adachi Ward,2017-01-01,0.9572926904608376,0.7396917649577442
muni_time_Adachi Ward_2018,-0.041466465655049994,Adachi Ward,2018-01-01,0.9593815070324365,0.7413057754186151
muni_time_Adachi Ward_2019,-0.020968154792658483,Adachi Ward,2019-01-01,0.9792501484969457,0.756658102474534
muni_time_Adachi Ward_2020,-0.008261353635996671,Adachi Ward,2020-01-01,0.9917726775668704,0.766334152152724
muni_time_Adachi Ward_2021,0.022464854505765526,Adachi Ward,2021-01-01,1.0227190895649385,0.7902461764876649
muni_time_Adachi Ward_2022,0.026808181388161528,Adachi Ward,2022-01-01,1.0271707533971879,0.7936859385477825
muni_time_Adachi Ward_2023,-0.010912624714845593,Adachi Ward,2023-01-01,0.9891467019748325,0.7643050835723765
muni_time_Adachi Ward_2024,-0.05887411074211255,Adachi Ward,2024-01-01,0.9428254532830459,0.728513056179605
muni_time_Adachi Ward_2025,-0.10436245617241333,Adachi Ward,2025-01-01,0.9008987019412688,0.6961166188015926
"muni_time_Aoba Ward, Sendai City_2005",-2.5009155849057683,"Aoba Ward, Sendai City",2005-01-01,0.08200987723342218,1.0
"muni_time_Aoba Ward, Sendai City_2006",-0.11800827252907242,"Aoba Ward, Sendai City",2006-01-01,0.8886887008810943,10.836361800074974
"muni_time_Aoba Ward, Sendai City_2007",-0.09909514750495485,"Aoba Ward, Sendai City",2007-01-01,0.9056565329644849,11.04326165965037
"muni_time_Aoba Ward, Sendai City_2008",-0.024963323077745347,"Aoba Ward, Sendai City",2008-01-01,0.9753456840501501,11.893026998126748
"muni_time_Aoba Ward, Sendai City_2009",0.01837327253083687,"Aoba Ward, Sendai City",2009-01-01,1.0185430996011582,12.419761301460195
"muni_time_Aoba Ward, Sendai City_2010",-0.09292628057060624,"Aoba Ward, Sendai City",2010-01-01,0.9112606754370758,11.11159662931067
"muni_time_Aoba Ward, Sendai City_2011",0.04912747379562668,"Aoba Ward, Sendai City",2011-01-01,1.0503542348475579,12.807655251793232
"muni_time_Aoba Ward, Sendai City_2012",0.08867487365455853,"Aoba Ward, Sendai City",2012-01-01,1.0927253247742206,13.324313627052875
"muni_time_Aoba Ward, Sendai City_2013",0.13964304361197927,"Aoba Ward, Sendai City",2013-01-01,1.1498632745507482,14.021033969822048
"muni_time_Aoba Ward, Sendai City_2014",0.1379992383801593,"Aoba Ward, Sendai City",2014-01-01,1.1479746759535558,13.998005053538991
"muni_time_Aoba Ward, Sendai City_2015",0.1687265891651429,"Aoba Ward, Sendai City",2015-01-01,1.183796431902735,14.434803121742663
"muni_time_Aoba Ward, Sendai City_2016",0.08932265623660604,"Aoba Ward, Sendai City",2016-01-01,1.093433402522027,13.332947681531351
"muni_time_Aoba Ward, Sendai City_2017",0.09279027597255438,"Aoba Ward, Sendai City",2017-01-01,1.0972315953067775,13.379261527044616
"muni_time_Aoba Ward, Sendai City_2018",0.1587425388893968,"Aoba Ward, Sendai City",2018-01-01,1.1720361541025561,14.291402372992534
"muni_time_Aoba Ward, Sendai City_2019",0.06307511317032644,"Aoba Ward, Sendai City",2019-01-01,1.0651068397781926,12.987543399761616
"muni_time_Aoba Ward, Sendai City_2020",0.1718553833278692,"Aoba Ward, Sendai City",2020-01-01,1.1875060876170407,14.480037376925694
"muni_time_Aoba Ward, Sendai City_2021",0.08962767849266418,"Aoba Ward, Sendai City",2021-01-01,1.0937669749162295,13.337015147615382
"muni_time_Aoba Ward, Sendai City_2022",0.1580186007369071,"Aoba Ward, Sendai City",2022-01-01,1.1711879794645375,14.28106002562376
"muni_time_Aoba Ward, Sendai City_2023",0.1369969840645333,"Aoba Ward, Sendai City",2023-01-01,1.1468246897659267,13.983982520809718
"muni_time_Aoba Ward, Sendai City_2024",0.06188306964516935,"Aoba Ward, Sendai City",2024-01-01,1.0638379425068778,12.972070906519086
"muni_time_Aoba Ward, Sendai City_2025",0.18151741402341295,"Aoba Ward, Sendai City",2025-01-01,1.1990354165587291,14.620622015393971
muni_time_Arakawa Ward_2005,0.2364307625328463,Arakawa Ward,2005-01-01,1.2667198481099697,1.0
muni_time_Arakawa Ward_2006,-0.049407761314818985,Arakawa Ward,2006-01-01,0.951792946217595,0.7513839367384457
muni_time_Arakawa Ward_2007,-0.028695952690990602,Arakawa Ward,2007-01-01,0.9717118659342883,0.7671087394613315
muni_time_Arakawa Ward_2008,0.04837326393174543,Arakawa Ward,2008-01-01,1.0495623459857992,0.8285670644158738
muni_time_Arakawa Ward_2009,0.022222987242298535,Arakawa Ward,2009-01-01,1.0224717572094557,0.8071806554030487
muni_time_Arakawa Ward_2010,0.048766657449764626,Arakawa Ward,2010-01-01,1.049975318234444,0.8288930814505489
muni_time_Arakawa Ward_2011,-9.452386888699187e-05,Arakawa Ward,2011-01-01,0.9999054805983532,0.7893659218257918
muni_time_Arakawa Ward_2012,-0.0446690653323743,Arakawa Ward,2012-01-01,0.9563139068971251,0.7549529663753268
muni_time_Arakawa Ward_2013,0.00054933678533323,Arakawa Ward,2013-01-01,1.0005494876984178,0.7898743271381625
muni_time_Arakawa Ward_2014,-0.02324801487798238,Arakawa Ward,2014-01-01,0.9770201381915045,0.7712993047746772
muni_time_Arakawa Ward_2015,-0.04481163778379055,Arakawa Ward,2015-01-01,0.956177572598084,0.7548453385527704
muni_time_Arakawa Ward_2016,0.006036146020776272,Arakawa Ward,2016-01-01,1.0060544002601042,0.794220128279512
muni_time_Arakawa Ward_2017,0.011993826615977084,Arakawa Ward,2017-01-01,1.012066040974465,0.7989659611669738
muni_time_Arakawa Ward_2018,0.008555259943737247,Arakawa Ward,2018-01-01,1.0085919607671245,0.7962233814146126
muni_time_Arakawa Ward_2019,-0.001209028482993639,Arakawa Ward,2019-01-01,0.9987917020974821,0.7884866599254332
muni_time_Arakawa Ward_2020,0.014155374999961255,Arakawa Ward,2020-01-01,1.0142560367280182,0.8006948325956649
muni_time_Arakawa Ward_2021,0.01099492064328236,Arakawa Ward,2021-01-01,1.0110555869196896,0.798168267773061
muni_time_Arakawa Ward_2022,0.06563274693325699,Arakawa Ward,2022-01-01,1.0678344796577597,0.8429918274755382
muni_time_Arakawa Ward_2023,0.03887266351548099,Arakawa Ward,2023-01-01,1.0396380913614265,0.8207324554933245
muni_time_Arakawa Ward_2024,-0.0018178227433069782,Arakawa Ward,2024-01-01,0.9981838284957512,0.7880067798614728
muni_time_Arakawa Ward_2025,0.08367464966755667,Arakawa Ward,2025-01-01,1.087275090944711,0.8583390341337098
muni_time_Bunkyo Ward_2005,0.23181966023802858,Bunkyo Ward,2005-01-01,1.2608923193027213,1.0
muni_time_Bunkyo Ward_2006,0.028690597709186888,Bunkyo Ward,2006-01-01,1.0291061374155932,0.8161728972896696
muni_time_Bunkyo Ward_2007,0.011968525938836575,Bunkyo Ward,2007-01-01,1.0120404353422388,0.8026382743784983
muni_time_Bunkyo Ward_2008,-0.007295949134408595,Bunkyo Ward,2008-01-01,0.9927306016920776,0.7873238550941938
muni_time_Bunkyo Ward_2009,-0.005231687369935276,Bunkyo Ward,2009-01-01,0.994781974071919,0.7889507762423659
muni_time_Bunkyo Ward_2010,0.01814844356563436,Bunkyo Ward,2010-01-01,1.0183141273508223,0.8076138713525943
muni_time_Bunkyo Ward_2011,0.010702816152955583,Bunkyo Ward,2011-01-01,1.0107602961727566,0.8016230099107204
muni_time_Bunkyo Ward_2012,-0.02294578377623941,Bunkyo Ward,2012-01-01,0.9773154686910782,0.7750982805823877
muni_time_Bunkyo Ward_2013,0.024183225501231198,Bunkyo Ward,2013-01-01,1.024478011192098,0.8125023806621635
muni_time_Bunkyo Ward_2014,-0.0036235550905540023,Bunkyo Ward,2014-01-01,0.9963830020627334,0.7902205341481796
muni_time_Bunkyo Ward_2015,0.012423941671706634,Bunkyo Ward,2015-01-01,1.012501439445087,0.8030038917240805
muni_time_Bunkyo Ward_2016,0.02192150980130314,Bunkyo Ward,2016-01-01,1.0221635515014706,0.8106668078260095
muni_time_Bunkyo Ward_2017,0.016825909493366382,Bunkyo Ward,2017-01-01,1.0169682623934309,0.806546480476476
muni_time_Bunkyo Ward_2018,-0.007046216303942783,Bunkyo Ward,2018-01-01,0.9929785500742652,0.7875205002623749
muni_time_Bunkyo Ward_2019,0.03420505831190097,Bunkyo Ward,2019-01-01,1.0347967786541574,0.8206860830323753
muni_time_Bunkyo Ward_2020,0.03845907749140434,Bunkyo Ward,2020-01-01,1.0392082004812995,0.8241847337574282
muni_time_Bunkyo Ward_2021,0.0581703765387489,Bunkyo Ward,2021-01-01,1.0598955616649814,0.8405916551629945
muni_time_Bunkyo Ward_2022,0.04956480561077077,Bunkyo Ward,2022-01-01,1.0508136886311836,0.8333889203261132
muni_time_Bunkyo Ward_2023,0.06813895565402053,Bunkyo Ward,2023-01-01,1.0705140521244008,0.8490130645861967
muni_time_Bunkyo Ward_2024,0.12840728271513685,Bunkyo Ward,2024-01-01,1.1370159953679517,0.9017550332900166
muni_time_Bunkyo Ward_2025,0.1481551479747857,Bunkyo Ward,2025-01-01,1.1596928063965604,0.9197397657540458
muni_time_Chiyoda Ward_2005,0.3550444993077064,Chiyoda Ward,2005-01-01,1.426244119745334,1.0
muni_time_Chiyoda Ward_2006,0.11187919406645214,Chiyoda Ward,2006-01-01,1.1183777458162305,0.7841418802946054
muni_time_Chiyoda Ward_2007,0.17821256217823087,Chiyoda Ward,2007-01-01,1.1950793229023053,0.8379205960307099
muni_time_Chiyoda Ward_2008,0.14781858446676543,Chiyoda Ward,2008-01-01,1.159302561792144,0.8128359975283515
muni_time_Chiyoda Ward_2009,0.07294115481685451,Chiyoda Ward,2009-01-01,1.0756672372167029,0.7541957385309122
muni_time_Chiyoda Ward_2010,0.031158376824227677,Chiyoda Ward,2010-01-01,1.0316488802220363,0.7233326090110328
muni_time_Chiyoda Ward_2011,0.0004967394777424944,Chiyoda Ward,2011-01-01,1.0004968628732278,0.7014906137189709
muni_time_Chiyoda Ward_2012,-0.09058840233722759,Chiyoda Ward,2012-01-01,0.9133935842041222,0.6404188256125573
muni_time_Chiyoda Ward_2013,-0.07752610254742448,Chiyoda Ward,2013-01-01,0.9254028687091085,0.6488390422772405
muni_time_Chiyoda Ward_2014,0.03312259125114018,Chiyoda Ward,2014-01-01,1.0336772512617616,0.7247547856297785
muni_time_Chiyoda Ward_2015,0.01973110991118711,Chiyoda Ward,2015-01-01,1.0199270548757609,0.7151139421054203
muni_time_Chiyoda Ward_2016,-0.018950110244520486,Chiyoda Ward,2016-01-01,0.9812283142623618,0.687980620342587
muni_time_Chiyoda Ward_2017,0.04638731941747032,Chiyoda Ward,2017-01-01,1.0474800417571088,0.7344325051058888
muni_time_Chiyoda Ward_2018,0.010710343771151293,Chiyoda Ward,2018-01-01,1.010767904818991,0.7086920750982454
muni_time_Chiyoda Ward_2019,0.034005141150939465,Chiyoda Ward,2019-01-01,1.0345899256974136,0.7253947002299628
muni_time_Chiyoda Ward_2020,0.05030978344557575,Chiyoda Ward,2020-01-01,1.05159681320673,0.7373189474705775
muni_time_Chiyoda Ward_2021,0.022822300699827044,Chiyoda Ward,2021-01-01,1.0230847219541574,0.7173279158807936
muni_time_Chiyoda Ward_2022,-0.0033424324976700625,Chiyoda Ward,2022-01-01,0.9966631472114991,0.6988026337240643
muni_time_Chiyoda Ward_2023,0.04787572235135493,Chiyoda Ward,2023-01-01,1.0490402749642496,0.7355264505150515
muni_time_Chiyoda Ward_2024,0.128734985787666,Chiyoda Ward,2024-01-01,1.1373886600614962,0.7974712353342323
muni_time_Chiyoda Ward_2025,0.12290827653644676,Chiyoda Ward,2025-01-01,1.130780697068551,0.7928381133451824
muni_time_Chuo Ward_2005,0.4701114398191205,Chuo Ward,2005-01-01,1.600172506216246,1.0
muni_time_Chuo Ward_2006,0.13736864056640724,Chuo Ward,2006-01-01,1.1472509938328197,0.7169545716952727
muni_time_Chuo Ward_2007,0.19043639249631583,Chuo Ward,2007-01-01,1.209777420268379,0.7560293753134206
muni_time_Chuo Ward_2008,-0.004421678180414467,Chuo Ward,2008-01-01,0.9955880830462505,0.6221754711936711
muni_time_Chuo Ward_2009,-0.11644836067099562,Chuo Ward,2009-01-01,0.8900760587203856,0.556237565176677
muni_time_Chuo Ward_2010,0.020912346727321972,Chuo Ward,2010-01-01,1.0211325421055306,0.6381390369717649
muni_time_Chuo Ward_2011,0.029844391296363564,Chuo Ward,2011-01-01,1.0302941987344334,0.6438644550709461
muni_time_Chuo Ward_2012,-0.02773930242160387,Chuo Ward,2012-01-01,0.97264189913993,0.6078356523196556
muni_time_Chuo Ward_2013,-0.011025567711389496,Chuo Ward,2013-01-01,0.9890349910908897,0.6180802302556448
muni_time_Chuo Ward_2014,0.0008537678527538502,Chuo Ward,2014-01-01,1.0008541324162705,0.6254663972341842
muni_time_Chuo Ward_2015,0.050523619397124325,Chuo Ward,2015-01-01,1.0518217064562014,0.6573176969171467
muni_time_Chuo Ward_2016,0.018325075050638233,Chuo Ward,2016-01-01,1.018494009573301,0.6364901319181038
muni_time_Chuo Ward_2017,-0.003624534170728092,Chuo Ward,2017-01-01,0.9963820265243679,0.6226716323731897
muni_time_Chuo Ward_2018,0.017289370582177152,Chuo Ward,2018-01-01,1.0174396968489303,0.6358312575028298
muni_time_Chuo Ward_2019,-0.018432690125431687,Chuo Ward,2019-01-01,0.9817361529052163,0.6135189481705451
muni_time_Chuo Ward_2020,-0.013099546819730773,Chuo Ward,2020-01-01,0.9869858788244666,0.6167996731541682
muni_time_Chuo Ward_2021,-0.012895710017260406,Chuo Ward,2021-01-01,0.9871870833758392,0.6169254124420205
muni_time_Chuo Ward_2022,0.010093840551529131,Chuo Ward,2022-01-01,1.0101449551963342,0.6312725354748872
muni_time_Chuo Ward_2023,0.02039432974206471,Chuo Ward,2023-01-01,1.0206037150870355,0.6378085557164997
muni_time_Chuo Ward_2024,0.08730785802246223,Chuo Ward,2024-01-01,1.0912325727138301,0.6819468329037531
muni_time_Chuo Ward_2025,0.1296761120651394,Chuo Ward,2025-01-01,1.1384595902784191,0.7114605368207524
muni_time_Edogawa Ward_2005,0.2627980820717094,Edogawa Ward,2005-01-01,1.300564085231689,1.0
muni_time_Edogawa Ward_2006,0.08481992913040376,Edogawa Ward,2006-01-01,1.088521038119502,0.8369607084187531
muni_time_Edogawa Ward_2007,0.11715056685970857,Edogawa Ward,2007-01-01,1.1242886975657491,0.8644623593196199
muni_time_Edogawa Ward_2008,0.0738465073766768,Edogawa Ward,2008-01-01,1.0766415362789594,0.8278265934793678
muni_time_Edogawa Ward_2009,0.10657938741806222,Edogawa Ward,2009-01-01,1.1124662387625714,0.8553721046082793
muni_time_Edogawa Ward_2010,0.08240902975024587,Edogawa Ward,2010-01-01,1.0858998843620027,0.8349453108022393
muni_time_Edogawa Ward_2011,0.077394496833601,Edogawa Ward,2011-01-01,1.0804682336252056,0.8307689301082964
muni_time_Edogawa Ward_2012,0.03666546401966915,Edogawa Ward,2012-01-01,1.0373459332460295,0.7976123168595967
muni_time_Edogawa Ward_2013,0.052233777410285086,Edogawa Ward,2013-01-01,1.0536220267532308,0.8101269585385584
muni_time_Edogawa Ward_2014,-0.01806286685256987,Edogawa Ward,2014-01-01,0.9820992889263075,0.755133330282107
muni_time_Edogawa Ward_2015,-0.04981116971175329,Edogawa Ward,2015-01-01,0.9514090623871344,0.7315357030004758
muni_time_Edogawa Ward_2016,-0.04750287311775886,Edogawa Ward,2016-01-01,0.9536077333013768,0.7332262547689038
muni_time_Edogawa Ward_2017,-0.05364386750569597,Edogawa Ward,2017-01-01,0.947769577949778,0.7287373138409688
muni_time_Edogawa Ward_2018,-0.04294331243745371,Edogawa Ward,2018-01-01,0.9579656932680124,0.7365770777049833
muni_time_Edogawa Ward_2019,-0.08134560203323907,Edogawa Ward,2019-01-01,0.9218750344972207,0.7088270735486235
muni_time_Edogawa Ward_2020,-0.0792883611292,Edogawa Ward,2020-01-01,0.9237735056633044,0.710286802590538
muni_time_Edogawa Ward_2021,-0.07601361134888582,Edogawa Ward,2021-01-01,0.9268035914264964,0.7126166268549472
muni_time_Edogawa Ward_2022,-0.034393820978469714,Edogawa Ward,2022-01-01,0.9661909234471366,0.7429014336306345
muni_time_Edogawa Ward_2023,-0.04593372757598639,Edogawa Ward,2023-01-01,0.9551052572339185,0.7343776966313591
muni_time_Edogawa Ward_2024,-0.13246909441281984,Edogawa Ward,2024-01-01,0.8759300048190105,0.6735000718268858
muni_time_Edogawa Ward_2025,-0.08414682559732706,Edogawa Ward,2025-01-01,0.9192962699616997,0.7068442688834757
muni_time_Itabashi Ward_2005,0.21151279137915246,Itabashi Ward,2005-01-01,1.2355457698620234,1.0
muni_time_Itabashi Ward_2006,0.0357024299593329,Itabashi Ward,2006-01-01,1.0363474146608376,0.8387770327412227
muni_time_Itabashi Ward_2007,0.03833284878812404,Itabashi Ward,2007-01-01,1.0390770308565744,0.8409862719797186
muni_time_Itabashi Ward_2008,0.061102166160906024,Itabashi Ward,2008-01-01,1.063007512036107,0.8603546205777678
muni_time_Itabashi Ward_2009,0.06191437626401022,Itabashi Ward,2009-01-01,1.063871248197194,0.8610536931513263
muni_time_Itabashi Ward_2010,0.06792020416199548,Itabashi Ward,2010-01-01,1.0702799011896318,0.8662405936682966
muni_time_Itabashi Ward_2011,0.06577137341058076,Itabashi Ward,2011-01-01,1.0679825200509616,0.8643811877323055
muni_time_Itabashi Ward_2012,0.018874439540881808,Itabashi Ward,2012-01-01,1.0190536877352645,0.8247802004526833
muni_time_Itabashi Ward_2013,0.015268527834371933,Itabashi Ward,2013-01-01,1.0153856873303584,0.8218114715764429
muni_time_Itabashi Ward_2014,-0.005952388431239845,Itabashi Ward,2014-01-01,0.9940652919352481,0.8045556192113045
muni_time_Itabashi Ward_2015,-0.012326302746754005,Itabashi Ward,2015-01-01,0.987749354944031,0.7994437592177064
muni_time_Itabashi Ward_2016,-0.006662860092485456,Itabashi Ward,2016-01-01,0.9933592875436542,0.803984208253641
muni_time_Itabashi Ward_2017,-0.015618579720808077,Itabashi Ward,2017-01-01,0.9845027577676879,0.7968160968068628
muni_time_Itabashi Ward_2018,-0.019467769343732306,Itabashi Ward,2018-01-01,0.9807205039447353,0.7937548959066526
muni_time_Itabashi Ward_2019,-0.03289020526873072,Itabashi Ward,2019-01-01,0.9676447960571702,0.7831719549857142
muni_time_Itabashi Ward_2020,-0.02391885546362641,Itabashi Ward,2020-01-01,0.976364933223428,0.7902296758560885
muni_time_Itabashi Ward_2021,0.008346151870025754,Itabashi Ward,2021-01-01,1.0083810780944509,0.8161422285530219
muni_time_Itabashi Ward_2022,-0.016949931271679354,Itabashi Ward,2022-01-01,0.9831929106212868,0.7957559603243857
muni_time_Itabashi Ward_2023,-0.03110140620556718,Itabashi Ward,2023-01-01,0.9693772672212664,0.7845741459901718
muni_time_Itabashi Ward_2024,-0.027499946223036007,Itabashi Ward,2024-01-01,0.9728747348717022,0.7874048526590364
muni_time_Itabashi Ward_2025,-0.055887180359375406,Itabashi Ward,2025-01-01,0.9456458172936696,0.7653668851128618
"muni_time_Izumi Ward, Sendai City_2005",-0.626803866934559,"Izumi Ward, Sendai City",2005-01-01,0.5342967584565355,1.0
"muni_time_Izumi Ward, Sendai City_2006",-0.15138399898644378,"Izumi Ward, Sendai City",2006-01-01,0.8595175814008271,1.6086894928649433
"muni_time_Izumi Ward, Sendai City_2007",-0.15650869445506732,"Izumi Ward, Sendai City",2007-01-01,0.8551240828326736,1.600466537178584
"muni_time_Izumi Ward, Sendai City_2008",-0.04990630748152212,"Izumi Ward, Sendai City",2008-01-01,0.951318551756359,1.7805059392546323
"muni_time_Izumi Ward, Sendai City_2009",-0.13842918956680828,"Izumi Ward, Sendai City",2009-01-01,0.8707249054939582,1.6296653343158751
"muni_time_Izumi Ward, Sendai City_2010",-0.06269409130719308,"Izumi Ward, Sendai City",2010-01-01,0.9392307485974947,1.7578821763971084
"muni_time_Izumi Ward, Sendai City_2011",-0.11218975586569477,"Izumi Ward, Sendai City",2011-01-01,0.8938746234533426,1.6729927878199142
"muni_time_Izumi Ward, Sendai City_2012",0.08626139378721134,"Izumi Ward, Sendai City",2012-01-01,1.0900912341432971,2.040235537442391
"muni_time_Izumi Ward, Sendai City_2013",0.0810774772503294,"Izumi Ward, Sendai City",2013-01-01,1.0844549138968373,2.0296864930073437
"muni_time_Izumi Ward, Sendai City_2014",0.13988925795161086,"Izumi Ward, Sendai City",2014-01-01,1.1501464222336377,2.1526359724812014
"muni_time_Izumi Ward, Sendai City_2015",0.0029644625455965135,"Izumi Ward, Sendai City",2015-01-01,1.0029688609098768,1.877175642628323
"muni_time_Izumi Ward, Sendai City_2016",0.0729459824688545,"Izumi Ward, Sendai City",2016-01-01,1.075672430176327,2.0132490290296827
"muni_time_Izumi Ward, Sendai City_2017",0.02610789714026117,"Izumi Ward, Sendai City",2017-01-01,1.0264516937011545,1.9211265602028829
"muni_time_Izumi Ward, Sendai City_2018",0.029087916965151263,"Izumi Ward, Sendai City",2018-01-01,1.0295151023398592,1.926860094217864
"muni_time_Izumi Ward, Sendai City_2019",0.018895187353637467,"Izumi Ward, Sendai City",2019-01-01,1.019074831089704,1.9073198834924332
"muni_time_Izumi Ward, Sendai City_2020",0.021769630310239065,"Izumi Ward, Sendai City",2020-01-01,1.0220083176102048,1.9128102527938962
"muni_time_Izumi Ward, Sendai City_2021",-0.06448114100438455,"Izumi Ward, Sendai City",2021-01-01,0.9375537954182418,1.7547435588541211
"muni_time_Izumi Ward, Sendai City_2022",-0.08604213139001193,"Izumi Ward, Sendai City",2022-01-01,0.917555572514101,1.7173145035817081
"muni_time_Izumi Ward, Sendai City_2023",-0.07677444769367486,"Izumi Ward, Sendai City",2023-01-01,0.9260987137519376,1.7333040096055063
"muni_time_Izumi Ward, Sendai City_2024",-0.052138143504279005,"Izumi Ward, Sendai City",2024-01-01,0.949197732284413,1.77653657309551
"muni_time_Izumi Ward, Sendai City_2025",-0.08630789009732337,"Izumi Ward, Sendai City",2025-01-01,0.9173117565308085,1.7168581729387957
muni_time_Katsushika Ward_2005,0.3226232346939564,Katsushika Ward,2005-01-01,1.3807450360674132,1.0
muni_time_Katsushika Ward_2006,0.032692857154160884,Katsushika Ward,2006-01-01,1.0332331403332615,0.7483156653425876
muni_time_Katsushika Ward_2007,0.05884048179060969,Katsushika Ward,2007-01-01,1.0606060412687477,0.7681403978025708
muni_time_Katsushika Ward_2008,0.07280724948458567,Katsushika Ward,2008-01-01,1.0755232092811622,0.7789441071209117
muni_time_Katsushika Ward_2009,0.07004993914836002,Katsushika Ward,2009-01-01,1.0725617427367937,0.7767992748260203
muni_time_Katsushika Ward_2010,0.06147097952949339,Katsushika Ward,2010-01-01,1.063399635723239,0.7701636492947129
muni_time_Katsushika Ward_2011,0.03548065914857674,Katsushika Ward,2011-01-01,1.0361176085375503,0.7504047318457737
muni_time_Katsushika Ward_2012,0.04304438582578439,Katsushika Ward,2012-01-01,1.04398423192449,0.7561021076692966
muni_time_Katsushika Ward_2013,0.01088863529245203,Katsushika Ward,2013-01-01,1.0109481322324556,0.7321758223457392
muni_time_Katsushika Ward_2014,-0.06051073202292477,Katsushika Ward,2014-01-01,0.9412836670863047,0.6817215651683485
muni_time_Katsushika Ward_2015,-0.06607333525332607,Katsushika Ward,2015-01-01,0.9360622154147619,0.6779399461618342
muni_time_Katsushika Ward_2016,-0.04296908156292444,Katsushika Ward,2016-01-01,0.9579410076479307,0.6937855886676245
muni_time_Katsushika Ward_2017,-0.054145503569635656,Katsushika Ward,2017-01-01,0.9472942617770078,0.686074718381792
muni_time_Katsushika Ward_2018,-0.044492734952567316,Katsushika Ward,2018-01-01,0.9564825489594656,0.6927293048133519
muni_time_Katsushika Ward_2019,-0.06668397241944643,Katsushika Ward,2019-01-01,0.9354907955190973,0.6775260972029474
muni_time_Katsushika Ward_2020,-0.06322933780886203,Katsushika Ward,2020-01-01,0.9387281631406005,0.6798707499353039
muni_time_Katsushika Ward_2021,-0.051567241281652125,Katsushika Ward,2021-01-01,0.9497397860946264,0.6878458812349889
muni_time_Katsushika Ward_2022,-0.02877518081111227,Katsushika Ward,2022-01-01,0.9716348820795337,0.7037033316787494
muni_time_Katsushika Ward_2023,-0.034204921832569464,Katsushika Ward,2023-01-01,0.9663734533266788,0.699892759404059
muni_time_Katsushika Ward_2024,-0.042125550533087516,Katsushika Ward,2024-01-01,0.9587494015173575,0.6943710652388309
muni_time_Katsushika Ward_2025,-0.08919679805935146,Katsushika Ward,2025-01-01,0.9146655514555491,0.662443483454893
muni_time_Kita Ward_2005,0.2177788332507792,Kita Ward,2005-01-01,1.243312057922565,1.0
muni_time_Kita Ward_2006,0.03277645548235836,Kita Ward,2006-01-01,1.0333195205070003,0.8311023076809545
muni_time_Kita Ward_2007,0.09224376683287208,Kita Ward,2007-01-01,1.0966321120380575,0.8820248344332853
muni_time_Kita Ward_2008,0.070845592982733,Kita Ward,2008-01-01,1.0734154701907264,0.8633516126146829
muni_time_Kita Ward_2009,-0.02020112745983716,Kita Ward,2009-01-01,0.9800015482617517,0.7882184862738518
muni_time_Kita Ward_2010,-0.004606726710999752,Kita Ward,2010-01-01,0.9954038679793039,0.8006066229603791
muni_time_Kita Ward_2011,0.006260819375300465,Kita Ward,2011-01-01,1.0062804592708117,0.8093547013065999
muni_time_Kita Ward_2012,-0.0027307967066899693,Kita Ward,2012-01-01,0.9972729285269133,0.802109914540075
muni_time_Kita Ward_2013,-0.014125494571084246,Kita Ward,2013-01-01,0.9859738021391422,0.7930219898185448
muni_time_Kita Ward_2014,-0.030045702173641785,Kita Ward,2014-01-01,0.9704011830916879,0.7804968808177727
muni_time_Kita Ward_2015,-0.02702476794903248,Kita Ward,2015-01-01,0.973337133661269,0.7828582755705001
muni_time_Kita Ward_2016,0.003011784460746153,Kita Ward,2016-01-01,1.0030163244402341,0.8067293468674003
muni_time_Kita Ward_2017,0.0481707769322186,Kita Ward,2017-01-01,1.049349844770637,0.8439955505007994
muni_time_Kita Ward_2018,-0.010282186014415471,Kita Ward,2018-01-01,0.9897704949471149,0.7960756824002096
muni_time_Kita Ward_2019,0.04188931316223839,Kita Ward,2019-01-01,1.0427790504471062,0.838710638895816
muni_time_Kita Ward_2020,-0.0011109971072101625,Kita Ward,2020-01-01,0.9988896198215861,0.8034102246950123
muni_time_Kita Ward_2021,0.007135049107839415,Kita Ward,2021-01-01,1.0071605642184818,0.8100625726266455
muni_time_Kita Ward_2022,0.0008874943014521384,Kita Ward,2022-01-01,1.0008878882410508,0.8050174385933506
muni_time_Kita Ward_2023,0.03009694154740588,Kita Ward,2023-01-01,1.0305544326526588,0.828878338375162
muni_time_Kita Ward_2024,0.01013656596973091,Kita Ward,2024-01-01,1.0101881149839926,0.8124976417198942
muni_time_Kita Ward_2025,-0.0003609091397140385,Kita Ward,2025-01-01,0.9996391559801552,0.804013079106174
muni_time_Koto Ward_2005,0.06247087324786128,Koto Ward,2005-01-01,1.0644634541031384,1.0
muni_time_Koto Ward_2006,-0.10947443304104364,Koto Ward,2006-01-01,0.8963050798643571,0.8420252253935174
muni_time_Koto Ward_2007,-0.054309808529359044,Koto Ward,2007-01-01,0.9471386294174148,0.88978031680329
muni_time_Koto Ward_2008,-0.022697574371487582,Koto Ward,2008-01-01,0.9775580776894888,0.9183575762242852
muni_time_Koto Ward_2009,-0.011142661764968545,Koto Ward,2009-01-01,0.9889191877547246,0.9290306622954346
muni_time_Koto Ward_2010,0.07721385574732846,Koto Ward,2010-01-01,1.0802730742972277,1.014852196318388
muni_time_Koto Ward_2011,0.06366280083353398,Koto Ward,2011-01-01,1.0657329738955554,1.0011926382136687
muni_time_Koto Ward_2012,0.006476707835172065,Koto Ward,2012-01-01,1.006497727061323,0.9455446527371347
muni_time_Koto Ward_2013,0.01012543353128751,Koto Ward,2013-01-01,1.0101768691895832,0.949000987582712
muni_time_Koto Ward_2014,-0.026364188065038464,Koto Ward,2014-01-01,0.9739803130043895,0.9149964794470231
muni_time_Koto Ward_2015,0.0213628144767595,Koto Ward,2015-01-01,1.021592633003926,0.9597254175951648
muni_time_Koto Ward_2016,0.051671040239417085,Koto Ward,2016-01-01,1.053029281270332,0.9892582758114131
muni_time_Koto Ward_2017,0.020415183648897182,Koto Ward,2017-01-01,1.0206249988837472,0.9588163829858047
muni_time_Koto Ward_2018,0.020104400765280948,Koto Ward,2018-01-01,1.0203078553874412,0.9585184455647654
muni_time_Koto Ward_2019,0.03366494764308954,Koto Ward,2019-01-01,1.0342380247820016,0.9716050098247824
muni_time_Koto Ward_2020,0.05103977220755954,Koto Ward,2020-01-01,1.0523647473200435,0.9886339857545522
muni_time_Koto Ward_2021,0.070645161485231,Koto Ward,2021-01-01,1.0732003454801984,1.0082077889507455
muni_time_Koto Ward_2022,0.0734907527265722,Koto Ward,2022-01-01,1.0762585841684682,1.0110808220046106
muni_time_Koto Ward_2023,0.06523144286117974,Koto Ward,2023-01-01,1.0674060393059475,1.0027643834943007
muni_time_Koto Ward_2024,0.08449605708131698,Koto Ward,2024-01-01,1.088168553663425,1.0222695288118269
muni_time_Koto Ward_2025,0.04070268052208081,Koto Ward,2025-01-01,1.0415423886661017,0.9784670245383401
muni_time_Meguro Ward_2005,0.26962669486635693,Meguro Ward,2005-01-01,1.3094755255437183,1.0
muni_time_Meguro Ward_2006,0.043173320443478616,Meguro Ward,2006-01-01,1.0441188463103528,0.7973565186541501
muni_time_Meguro Ward_2007,0.0424041404865276,Meguro Ward,2007-01-01,1.043316039812011,0.7967434438141232
muni_time_Meguro Ward_2008,0.051981185169029755,Meguro Ward,2008-01-01,1.0533559236132664,0.8044105468682919
muni_time_Meguro Ward_2009,0.03389658871613787,Meguro Ward,2009-01-01,1.0344776245373504,0.7899938596468356
muni_time_Meguro Ward_2010,0.04922224049795046,Meguro Ward,2010-01-01,1.050453778171288,0.802194281359417
muni_time_Meguro Ward_2011,0.03544856610177466,Meguro Ward,2011-01-01,1.0360843569002232,0.791220864147134
muni_time_Meguro Ward_2012,0.02888046909928117,Meguro Ward,2012-01-01,1.0293015537798602,0.7860410780510582
muni_time_Meguro Ward_2013,0.05214526270205132,Meguro Ward,2013-01-01,1.0535287698343097,0.8045425433948948
muni_time_Meguro Ward_2014,-0.004986234286194836,Meguro Ward,2014-01-01,0.9950261763439787,0.759866188358752
muni_time_Meguro Ward_2015,0.035389678631064445,Meguro Ward,2015-01-01,1.0360233463094002,0.791174272523516
muni_time_Meguro Ward_2016,0.023775981617281842,Meguro Ward,2016-01-01,1.0240608837298681,0.7820389642675141
muni_time_Meguro Ward_2017,0.03306488318066578,Meguro Ward,2017-01-01,1.0336176014632519,0.7893370905378891
muni_time_Meguro Ward_2018,0.008167933332882044,Meguro Ward,2018-01-01,1.008201381906901,0.7699276254042833
muni_time_Meguro Ward_2019,0.014630637235299336,Meguro Ward,2019-01-01,1.014738188884519,0.7749195529738375
muni_time_Meguro Ward_2020,0.0036127310417982204,Meguro Ward,2020-01-01,1.0036192648204807,0.7664284251542308
muni_time_Meguro Ward_2021,0.05208619032732001,Meguro Ward,2021-01-01,1.0534665372261598,0.8044950185600003
muni_time_Meguro Ward_2022,0.053734302510706905,Meguro Ward,2022-01-01,1.0552041997990504,0.8058220098164189
muni_time_Meguro Ward_2023,0.08340886361789393,Meguro Ward,2023-01-01,1.0869861467937554,0.8300927551451707
muni_time_Meguro Ward_2024,0.05831731566817992,Meguro Ward,2024-01-01,1.0600513132388203,0.8095235783797239
muni_time_Meguro Ward_2025,-0.05845580985569801,Meguro Ward,2025-01-01,0.9432199205031305,0.7203035888062805
muni_time_Minato Ward_2005,0.300129288064406,Minato Ward,2005-01-01,1.3500333394906596,1.0
muni_time_Minato Ward_2006,0.09161101791527626,Minato Ward,2006-01-01,1.0959384387398228,0.8117862031120641
muni_time_Minato Ward_2007,0.09351957698744462,Minato Ward,2007-01-01,1.0980320992915076,0.8133370244810199
muni_time_Minato Ward_2008,-0.027229729342070325,Minato Ward,2008-01-01,0.9731376575696054,0.7208249078772755
muni_time_Minato Ward_2009,-0.013862250347691275,Minato Ward,2009-01-01,0.9862333882127402,0.7305252095365483
muni_time_Minato Ward_2010,-0.023819811856364517,Minato Ward,2010-01-01,0.976461640717469,0.7232870568114032
muni_time_Minato Ward_2011,-0.0584890808732631,Minato Ward,2011-01-01,0.9431885391386355,0.6986409235600667
muni_time_Minato Ward_2012,-0.059457487611981025,Minato Ward,2012-01-01,0.942275591125304,0.6979646824728089
muni_time_Minato Ward_2013,-0.02709102591486987,Minato Ward,2013-01-01,0.9732726444592038,0.7209248956965759
muni_time_Minato Ward_2014,0.0042944422162434475,Minato Ward,2014-01-01,1.0043036765472528,0.7439102777462936
muni_time_Minato Ward_2015,0.03733396721001693,Minato Ward,2015-01-01,1.0380396341567002,0.7688992588496605
muni_time_Minato Ward_2016,0.006131657612358468,Minato Ward,2016-01-01,1.0061504947060849,0.7452782574137652
muni_time_Minato Ward_2017,0.06396473050984708,Minato Ward,2017-01-01,1.066054798889213,0.7896507202491859
muni_time_Minato Ward_2018,0.01735598452167457,Minato Ward,2018-01-01,1.0175074747727906,0.7536906274897446
muni_time_Minato Ward_2019,0.0066479136894679845,Minato Ward,2019-01-01,1.0066700601163243,0.7456631111762919
muni_time_Minato Ward_2020,0.034058740009838884,Minato Ward,2020-01-01,1.0346453800229907,0.7663850586188794
muni_time_Minato Ward_2021,0.0596885452889823,Minato Ward,2021-01-01,1.0615058840464768,0.7862812369114985
muni_time_Minato Ward_2022,0.05970680606681329,Minato Ward,2022-01-01,1.0615252681465754,0.7862955951495743
muni_time_Minato Ward_2023,0.11267157117224486,Minato Ward,2023-01-01,1.1192642739235465,0.8290641728491108
muni_time_Minato Ward_2024,0.20693294141366747,Minato Ward,2024-01-01,1.2299000936537396,0.9110146080672024
muni_time_Minato Ward_2025,0.27549329362033287,Minato Ward,2025-01-01,1.3171802712582112,0.9756649948772056
"muni_time_Miyagino Ward, Sendai City_2005",-0.6034005593027718,"Miyagino Ward, Sendai City",2005-01-01,0.5469485391606155,1.0
"muni_time_Miyagino Ward, Sendai City_2006",-0.11307397209992781,"Miyagino Ward, Sendai City",2006-01-01,0.8930845943296775,1.6328494006040604
"muni_time_Miyagino Ward, Sendai City_2007",-0.2414451710706348,"Miyagino Ward, Sendai City",2007-01-01,0.7854918702866021,1.4361348720156955
"muni_time_Miyagino Ward, Sendai City_2008",-0.1472810010416981,"Miyagino Ward, Sendai City",2008-01-01,0.863051424989712,1.577938989130878
"muni_time_Miyagino Ward, Sendai City_2009",-0.14779446400850071,"Miyagino Ward, Sendai City",2009-01-01,0.8626083937943231,1.577128983867734
"muni_time_Miyagino Ward, Sendai City_2010",-0.1557207748940722,"Miyagino Ward, Sendai City",2010-01-01,0.855798117332228,1.5646775812686038
"muni_time_Miyagino Ward, Sendai City_2011",-0.06094013856530839,"Miyagino Ward, Sendai City",2011-01-01,0.9408795604906365,1.7202341593865018
"muni_time_Miyagino Ward, Sendai City_2012",-0.0023455963906277577,"Miyagino Ward, Sendai City",2012-01-01,0.9976571523710043,1.8240420824636938
"muni_time_Miyagino Ward, Sendai City_2013",-0.07977492754999863,"Miyagino Ward, Sendai City",2013-01-01,0.9233241378275405,1.688137131227257
"muni_time_Miyagino Ward, Sendai City_2014",0.05432474701316134,"Miyagino Ward, Sendai City",2014-01-01,1.0558274232891245,1.9303962762373756
"muni_time_Miyagino Ward, Sendai City_2015",-0.02121321022217712,"Miyagino Ward, Sendai City",2015-01-01,0.979010207331843,1.7899493960333066
"muni_time_Miyagino Ward, Sendai City_2016",-0.02269081336001391,"Miyagino Ward, Sendai City",2016-01-01,0.977564686993211,1.7873065142352302
"muni_time_Miyagino Ward, Sendai City_2017",0.03090704451891929,"Miyagino Ward, Sendai City",2017-01-01,1.0313896261115325,1.8857160267661988
"muni_time_Miyagino Ward, Sendai City_2018",0.09179892232037057,"Miyagino Ward, Sendai City",2018-01-01,1.0961443897491192,2.0041088169489165
"muni_time_Miyagino Ward, Sendai City_2019",0.10843558467910469,"Miyagino Ward, Sendai City",2019-01-01,1.1145331132178704,2.037729390279219
"muni_time_Miyagino Ward, Sendai City_2020",0.08279343860088434,"Miyagino Ward, Sendai City",2020-01-01,1.0863173941305426,1.9861418695763944
"muni_time_Miyagino Ward, Sendai City_2021",0.07341246288140729,"Miyagino Ward, Sendai City",2021-01-01,1.076174327348826,1.9675970412141452
"muni_time_Miyagino Ward, Sendai City_2022",0.01563003377796912,"Miyagino Ward, Sendai City",2022-01-01,1.0157528216479925,1.8571268573215975
"muni_time_Miyagino Ward, Sendai City_2023",-0.006239250026595394,"Miyagino Ward, Sendai City",2023-01-01,0.9937801736764104,1.8169537031793397
"muni_time_Miyagino Ward, Sendai City_2024",0.029778957332940503,"Miyagino Ward, Sendai City",2024-01-01,1.030226784707126,1.8835899740918631
"muni_time_Miyagino Ward, Sendai City_2025",0.2127280683062041,"Miyagino Ward, Sendai City",2025-01-01,1.2370482128857105,2.2617268797978127
muni_time_Nakano Ward_2005,0.3182059815098677,Nakano Ward,2005-01-01,1.374659386483258,1.0
muni_time_Nakano Ward_2006,0.047337609606557945,Nakano Ward,2006-01-01,1.0484759248780908,0.7627168847698115
muni_time_Nakano Ward_2007,0.03718237762528794,Nakano Ward,2007-01-01,1.0378822900857887,0.7550105140888507
muni_time_Nakano Ward_2008,0.028917631915161307,Nakano Ward,2008-01-01,1.0293398062347685,0.7487962591723116
muni_time_Nakano Ward_2009,0.0239186208879412,Nakano Ward,2009-01-01,1.0242069654456811,0.7450623590952762
muni_time_Nakano Ward_2010,-0.0387496466894294,Nakano Ward,2010-01-01,0.9619915167625793,0.6998035485893039
muni_time_Nakano Ward_2011,-0.0019433890997339349,Nakano Ward,2011-01-01,0.9980584980581706,0.7260405798497241
muni_time_Nakano Ward_2012,0.01654694061096351,Nakano Ward,2012-01-01,1.0166845994622369,0.7395901919116014
muni_time_Nakano Ward_2013,0.0007671017883544504,Nakano Ward,2013-01-01,1.0007673960861787,0.7280111756603258
muni_time_Nakano Ward_2014,0.006513201683108127,Nakano Ward,2014-01-01,1.0065344587065577,0.7322064422675197
muni_time_Nakano Ward_2015,0.0003659318326491561,Nakano Ward,2015-01-01,1.0003659987938698,0.7277191780234887
muni_time_Nakano Ward_2016,0.051551111899837146,Nakano Ward,2016-01-01,1.0529030007895557,0.7659373741179333
muni_time_Nakano Ward_2017,0.05493547443011068,Nakano Ward,2017-01-01,1.0564724429896533,0.7685339753088866
muni_time_Nakano Ward_2018,0.028857763222368774,Nakano Ward,2018-01-01,1.029278182850804,0.7487514310610206
muni_time_Nakano Ward_2019,-0.002800024716089972,Nakano Ward,2019-01-01,0.9972038916969116,0.7254188939472656
muni_time_Nakano Ward_2020,-0.014452451560511097,Nakano Ward,2020-01-01,0.985651483808128,0.7170150609669825
muni_time_Nakano Ward_2021,0.011515836845723593,Nakano Ward,2021-01-01,1.0115823993571393,0.735878581489946
muni_time_Nakano Ward_2022,0.023008884184837437,Nakano Ward,2022-01-01,1.0232756304766755,0.7443848567422109
muni_time_Nakano Ward_2023,0.016670900826582097,Nakano Ward,2023-01-01,1.0168106357159816,0.7396818773538164
muni_time_Nakano Ward_2024,-0.009668510048957902,Nakano Ward,2024-01-01,0.9903780797222018,0.7204534370189336
muni_time_Nakano Ward_2025,0.011027807765812934,Nakano Ward,2025-01-01,1.011088838175428,0.735519538961619
muni_time_Nerima Ward_2005,0.2855278424951342,Nerima Ward,2005-01-01,1.3304641183085488,1.0
muni_time_Nerima Ward_2006,0.07501393242269143,Nerima Ward,2006-01-01,1.07789916852685,0.8101677855823795
muni_time_Nerima Ward_2007,0.07819496314342045,Nerima Ward,2007-01-01,1.081333458290451,0.812749057573365
muni_time_Nerima Ward_2008,0.05536139646769598,Nerima Ward,2008-01-01,1.0569225137259426,0.7944013665469113
muni_time_Nerima Ward_2009,0.11307207208400406,Nerima Ward,2009-01-01,1.1197126300632807,0.8415955114120616
muni_time_Nerima Ward_2010,0.085403465228529,Nerima Ward,2010-01-01,1.0891564148033994,0.8186289279173273
muni_time_Nerima Ward_2011,0.070817769209007,Nerima Ward,2011-01-01,1.0733856041370649,0.8067753119878843
muni_time_Nerima Ward_2012,0.05304719332066473,Nerima Ward,2012-01-01,1.0544794083299527,0.7925650859870899
muni_time_Nerima Ward_2013,0.0653063982860308,Nerima Ward,2013-01-01,1.067486050177699,0.8023411044972937
muni_time_Nerima Ward_2014,0.005044457539507799,Nerima Ward,2014-01-01,1.0050572022364577,0.7554184952497713
muni_time_Nerima Ward_2015,-0.007215558931784898,Nerima Ward,2015-01-01,0.9928104107141872,0.7462135934762157
muni_time_Nerima Ward_2016,-0.0108487014603109,Nerima Ward,2016-01-01,0.989209933472195,0.7435074120824855
muni_time_Nerima Ward_2017,-0.04098624321392107,Nerima Ward,2017-01-01,0.9598423342026358,0.7214342130646157
muni_time_Nerima Ward_2018,-0.047955883252630005,Nerima Ward,2018-01-01,0.9531758371675488,0.7164235578027796
muni_time_Nerima Ward_2019,-0.05210367892493549,Nerima Ward,2019-01-01,0.9492304465487084,0.7134581335086947
muni_time_Nerima Ward_2020,-0.06425287738779815,Nerima Ward,2020-01-01,0.937767829265469,0.7048426307487915
muni_time_Nerima Ward_2021,-0.08590101050923635,Nerima Ward,2021-01-01,0.9176850679016914,0.6897480775869149
muni_time_Nerima Ward_2022,-0.057735876905606845,Nerima Ward,2022-01-01,0.9438992200988238,0.7094510908710756
muni_time_Nerima Ward_2023,-0.05147308681894539,Nerima Ward,2023-01-01,0.9498292125437809,0.7139081764574919
muni_time_Nerima Ward_2024,-0.08960429204161184,Nerima Ward,2024-01-01,0.9142929066779588,0.6871984701401204
muni_time_Nerima Ward_2025,-0.08258092241851529,Nerima Ward,2025-01-01,0.9207369265831136,0.6920419077168866
muni_time_Ota Ward_2005,0.27738304324338886,Ota Ward,2005-01-01,1.3196717655880947,1.0
muni_time_Ota Ward_2006,0.10381114209194975,Ota Ward,2006-01-01,1.1093909178818813,0.8406567048037854
muni_time_Ota Ward_2007,0.060636743645021765,Ota Ward,2007-01-01,1.062512879520935,0.8051342062679048
muni_time_Ota Ward_2008,0.07753642021834552,Ota Ward,2008-01-01,1.0806215882160746,0.8188563371547996
muni_time_Ota Ward_2009,0.07243270941148243,Ota Ward,2009-01-01,1.0751204581676577,0.8146877778267417
muni_time_Ota Ward_2010,0.04589232040653028,Ota Ward,2010-01-01,1.0469616684801737,0.7933500555068773
muni_time_Ota Ward_2011,0.060682438431898224,Ota Ward,2011-01-01,1.0625614319298058,0.8051709975444454
muni_time_Ota Ward_2012,0.04059582002001451,Ota Ward,2012-01-01,1.041431094870087,0.7891591849023053
muni_time_Ota Ward_2013,0.039843356668514275,Ota Ward,2013-01-01,1.040647750893862,0.7885655948925382
muni_time_Ota Ward_2014,-0.005774502826394379,Ota Ward,2014-01-01,0.9942421375696399,0.7534010831296134
muni_time_Ota Ward_2015,-0.0008497795457278043,Ota Ward,2015-01-01,0.9991505814146575,0.7571205260797551
muni_time_Ota Ward_2016,0.02107441338220956,Ota Ward,2016-01-01,1.0212980470518809,0.7739030823295311
muni_time_Ota Ward_2017,0.006906017573882717,Ota Ward,2017-01-01,1.0069299191030288,0.7630154295635047
muni_time_Ota Ward_2018,-0.018883406699330054,Ota Ward,2018-01-01,0.9812937678525333,0.7435892723030506
muni_time_Ota Ward_2019,-0.01627508481700715,Ota Ward,2019-01-01,0.9838566388033942,0.7455313241205485
muni_time_Ota Ward_2020,0.0015888462202223019,Ota Ward,2020-01-01,1.001590109105133,0.758969112792064
muni_time_Ota Ward_2021,-0.0016799848348171926,Ota Ward,2021-01-01,0.9983214255497866,0.756492221461522
muni_time_Ota Ward_2022,-0.021638967872056908,Ota Ward,2022-01-01,0.9785934749665524,0.7415430870648769
muni_time_Ota Ward_2023,-0.04794439649568411,Ota Ward,2023-01-01,0.953186786129601,0.7222908082032243
muni_time_Ota Ward_2024,-0.07542245457884456,Ota Ward,2024-01-01,0.9273516396193061,0.7027138594618971
muni_time_Ota Ward_2025,-0.07790966271531408,Ota Ward,2025-01-01,0.9250479890926143,0.7009682355978712
muni_time_Setagaya Ward_2005,0.32923126794736135,Setagaya Ward,2005-01-01,1.389899257569527,1.0
muni_time_Setagaya Ward_2006,0.08167506219321753,Setagaya Ward,2006-01-01,1.0851031614968345,0.7807063393891728
muni_time_Setagaya Ward_2007,0.06107595575102881,Setagaya Ward,2007-01-01,1.0629796505386464,0.7647889908204177
muni_time_Setagaya Ward_2008,0.0801430281976098,Setagaya Ward,2008-01-01,1.0834420193527075,0.7795111864778519
muni_time_Setagaya Ward_2009,0.04570205619791942,Setagaya Ward,2009-01-01,1.0467624880959245,0.753121121833222
muni_time_Setagaya Ward_2010,0.07568228632358934,Setagaya Ward,2010-01-01,1.0786198274416816,0.7760417322100237
muni_time_Setagaya Ward_2011,0.07265434197789121,Setagaya Ward,2011-01-01,1.075358766281444,0.7736954749957129
muni_time_Setagaya Ward_2012,0.0457187857688097,Setagaya Ward,2012-01-01,1.0467800001296583,0.7531337213318103
muni_time_Setagaya Ward_2013,0.03198355228272927,Setagaya Ward,2013-01-01,1.0325005228887754,0.7428599715164079
muni_time_Setagaya Ward_2014,0.031642004532397655,Setagaya Ward,2014-01-01,1.0321479348742157,0.7426062926885078
muni_time_Setagaya Ward_2015,-0.0050357340200274945,Setagaya Ward,2015-01-01,0.9949769240320915,0.7158626199800813
muni_time_Setagaya Ward_2016,0.0018746808573560075,Setagaya Ward,2016-01-01,1.0018764391701012,0.7208266597120505
muni_time_Setagaya Ward_2017,-0.01582698505033585,Setagaya Ward,2017-01-01,0.9842976035243958,0.7081790987107986
muni_time_Setagaya Ward_2018,-0.026951873361375143,Setagaya Ward,2018-01-01,0.9734080872563139,0.700344346509316
muni_time_Setagaya Ward_2019,-0.0358228763973377,Setagaya Ward,2019-01-01,0.9648111691797907,0.6941590650727633
muni_time_Setagaya Ward_2020,-0.03488060055962102,Setagaya Ward,2020-01-01,0.9657207158871132,0.6948134626504071
muni_time_Setagaya Ward_2021,-0.023672221803155476,Setagaya Ward,2021-01-01,0.9766057673785482,0.702645002549543
muni_time_Setagaya Ward_2022,-0.00723332869649251,Setagaya Ward,2022-01-01,0.9927927688635357,0.7142911714332455
muni_time_Setagaya Ward_2023,0.00040007904827085976,Setagaya Ward,2023-01-01,1.0004001590905673,0.7197645107314724
muni_time_Setagaya Ward_2024,0.0020122255821229274,Setagaya Ward,2024-01-01,1.0020142514666373,0.720925812435376
muni_time_Setagaya Ward_2025,-0.028367040824682666,Setagaya Ward,2025-01-01,0.9720315260647495,0.699353942935771
muni_time_Shibuya Ward_2005,0.36498261741692756,Shibuya Ward,2005-01-01,1.440488968512431,1.0
muni_time_Shibuya Ward_2006,0.09747948430976584,Shibuya Ward,2006-01-01,1.1023888250636777,0.7652879328899661
muni_time_Shibuya Ward_2007,0.10883775877275123,Shibuya Ward,2007-01-01,1.114981439709125,0.7740298357581648
muni_time_Shibuya Ward_2008,0.04077849020813851,Shibuya Ward,2008-01-01,1.0416213506606065,0.7231026223937498
muni_time_Shibuya Ward_2009,-0.007432272456241288,Shibuya Ward,2009-01-01,0.9925952785828275,0.6890682957522849
muni_time_Shibuya Ward_2010,-0.021292760061497037,Shibuya Ward,2010-01-01,0.97893233032475,0.6795833579591222
muni_time_Shibuya Ward_2011,-0.0659210685137116,Shibuya Ward,2011-01-01,0.9362047574083062,0.649921504345229
muni_time_Shibuya Ward_2012,-0.03027379469938292,Shibuya Ward,2012-01-01,0.9701798670760784,0.6735073216686741
muni_time_Shibuya Ward_2013,-0.02084276723136686,Shibuya Ward,2013-01-01,0.9793729419831873,0.6798892344136238
muni_time_Shibuya Ward_2014,-0.020908302971522602,Shibuya Ward,2014-01-01,0.9793087601556706,0.6798446788294301
muni_time_Shibuya Ward_2015,0.04801466258168569,Shibuya Ward,2015-01-01,1.0491860389876884,0.7283540949787108
muni_time_Shibuya Ward_2016,0.020986242067644673,Shibuya Ward,2016-01-01,1.0212080018302707,0.7089314976739151
muni_time_Shibuya Ward_2017,0.03452516647243632,Shibuya Ward,2017-01-01,1.0351280785705745,0.7185949363010632
muni_time_Shibuya Ward_2018,-0.0067579855217548,Shibuya Ward,2018-01-01,0.9932647983092436,0.6895330821831782
muni_time_Shibuya Ward_2019,-0.005596915948394316,Shibuya Ward,2019-01-01,0.9944187176055115,0.6903341430184163
muni_time_Shibuya Ward_2020,0.048915835558100716,Shibuya Ward,2020-01-01,1.0501319632499309,0.7290107638480458
muni_time_Shibuya Ward_2021,0.03508992320912657,Shibuya Ward,2021-01-01,1.0357128392345043,0.7190008822518563
muni_time_Shibuya Ward_2022,0.05829903189217362,Shibuya Ward,2022-01-01,1.0600319316752385,0.7358834082359658
muni_time_Shibuya Ward_2023,0.11788191295434282,Shibuya Ward,2023-01-01,1.1251112424597907,0.7810620331384241
muni_time_Shibuya Ward_2024,0.13497957971733537,Shibuya Ward,2024-01-01,1.1445134128252854,0.7945311889525996
muni_time_Shibuya Ward_2025,0.15853228063732816,Shibuya Ward,2025-01-01,1.171789749734617,0.8134666598278117
muni_time_Shinagawa Ward_2005,0.23175949926657996,Shinagawa Ward,2005-01-01,1.2608164650776548,1.0
muni_time_Shinagawa Ward_2006,0.02113128769846489,Shinagawa Ward,2006-01-01,1.0213561343318214,0.8100751874848932
muni_time_Shinagawa Ward_2007,0.014864263943709922,Shinagawa Ward,2007-01-01,1.0149752865225785,0.8050143019508119
muni_time_Shinagawa Ward_2008,-0.02064190057883479,Shinagawa Ward,2008-01-01,0.9795696851065286,0.7769328147584083
muni_time_Shinagawa Ward_2009,0.03531692666885447,Shinagawa Ward,2009-01-01,1.0359479763197512,0.8216485150802233
muni_time_Shinagawa Ward_2010,0.09084840901921408,Shinagawa Ward,2010-01-01,1.0951029849396432,0.8685665323003177
muni_time_Shinagawa Ward_2011,-0.012434307271883924,Shinagawa Ward,2011-01-01,0.9876426793048324,0.7833358039498657
muni_time_Shinagawa Ward_2012,0.0004580177548603997,Shinagawa Ward,2012-01-01,1.0004581226610079,0.7935002043294135
muni_time_Shinagawa Ward_2013,0.017848957503470857,Shinagawa Ward,2013-01-01,1.018009202125483,0.8074206122163727
muni_time_Shinagawa Ward_2014,0.03482617711051775,Shinagawa Ward,2014-01-01,1.0354397100338408,0.8212453903590696
muni_time_Shinagawa Ward_2015,0.004793670153277398,Shinagawa Ward,2015-01-01,1.004805178171246,0.7969480142451654
muni_time_Shinagawa Ward_2016,0.02808723741166635,Shinagawa Ward,2016-01-01,1.0284854029124504,0.8157296731123392
muni_time_Shinagawa Ward_2017,0.013543204322769262,Shinagawa Ward,2017-01-01,1.0136353289321085,0.803951532207884
muni_time_Shinagawa Ward_2018,0.00815283228137357,Shinagawa Ward,2018-01-01,1.0081861571208572,0.7996295932404105
muni_time_Shinagawa Ward_2019,0.02440711603498243,Shinagawa Ward,2019-01-01,1.0247074077997462,0.8127332059679547
muni_time_Shinagawa Ward_2020,0.03736980134946794,Shinagawa Ward,2020-01-01,1.03807683208018,0.8233369890329312
muni_time_Shinagawa Ward_2021,0.06127234609465707,Shinagawa Ward,2021-01-01,1.0631884299779473,0.8432539226971981
muni_time_Shinagawa Ward_2022,0.055175497786859415,Shinagawa Ward,2022-01-01,1.056726051486496,0.8381283721746221
muni_time_Shinagawa Ward_2023,0.026913296150397715,Shinagawa Ward,2023-01-01,1.027278729881569,0.8147726162652057
muni_time_Shinagawa Ward_2024,0.04323022985023991,Shinagawa Ward,2024-01-01,1.0441782681853005,0.8281762628480496
muni_time_Shinagawa Ward_2025,0.06457320485361101,Shinagawa Ward,2025-01-01,1.0667036632720286,0.8460419837603639
muni_time_Shinjuku Ward_2005,0.32998113078548674,Shinjuku Ward,2005-01-01,1.3909418822354067,1.0
muni_time_Shinjuku Ward_2006,0.027968647463849187,Shinjuku Ward,2006-01-01,1.0283634421139936,0.7393288355522755
muni_time_Shinjuku Ward_2007,0.028388212860386713,Shinjuku Ward,2007-01-01,1.028794998356071,0.7396390974313584
muni_time_Shinjuku Ward_2008,0.03821499627609134,Shinjuku Ward,2008-01-01,1.038954580233991,0.7469431997865138
muni_time_Shinjuku Ward_2009,-0.006238735556587204,Shinjuku Ward,2009-01-01,0.993780684946636,0.7144660015194264
muni_time_Shinjuku Ward_2010,0.004907578830309637,Shinjuku Ward,2010-01-01,1.0049196407187815,0.7224742122968918
muni_time_Shinjuku Ward_2011,0.0014407823666661226,Shinjuku Ward,2011-01-01,1.0014418207922353,0.719973877832193
muni_time_Shinjuku Ward_2012,0.0016068950425599717,Shinjuku Ward,2012-01-01,1.0016081867902071,0.7200934845534346
muni_time_Shinjuku Ward_2013,0.00759869290832689,Shinjuku Ward,2013-01-01,1.0076276362393337,0.7244210912823748
muni_time_Shinjuku Ward_2014,-0.004873775603113001,Shinjuku Ward,2014-01-01,0.995138081969664,0.7154418848689497
muni_time_Shinjuku Ward_2015,0.03259973110999369,Shinjuku Ward,2015-01-01,1.0331369238983974,0.7427606696535913
muni_time_Shinjuku Ward_2016,0.011007745348616333,Shinjuku Ward,2016-01-01,1.0110685534928143,0.7268948950389708
muni_time_Shinjuku Ward_2017,0.028523612545260466,Shinjuku Ward,2017-01-01,1.0289343063055616,0.7397392511123063
muni_time_Shinjuku Ward_2018,0.03811247369019258,Shinjuku Ward,2018-01-01,1.0388480693837712,0.7468666251635334
muni_time_Shinjuku Ward_2019,0.027136700875863423,Shinjuku Ward,2019-01-01,1.027508254441676,0.7387140092369279
muni_time_Shinjuku Ward_2020,0.053870581809974866,Shinjuku Ward,2020-01-01,1.05534801208708,0.7587290494057249
muni_time_Shinjuku Ward_2021,0.045691711518577954,Shinjuku Ward,2021-01-01,1.0467516597296465,0.7525488110598797
muni_time_Shinjuku Ward_2022,0.04737035359891083,Shinjuku Ward,2022-01-01,1.048510256727835,0.7538131320359382
muni_time_Shinjuku Ward_2023,0.042521992358586544,Shinjuku Ward,2023-01-01,1.0434390038060781,0.750167219157388
muni_time_Shinjuku Ward_2024,0.07107240893196037,Shinjuku Ward,2024-01-01,1.073658965552785,0.7718934768340494
muni_time_Shinjuku Ward_2025,0.016476371907803745,Shinjuku Ward,2025-01-01,1.0166128558799858,0.7308809008225202
muni_time_Suginami Ward_2005,0.3401200748498394,Suginami Ward,2005-01-01,1.4051162995632143,1.0
muni_time_Suginami Ward_2006,0.07104916777723717,Suginami Ward,2006-01-01,1.0736340127686135,0.7640890744078314
muni_time_Suginami Ward_2007,0.0649167926088261,Suginami Ward,2007-01-01,1.0670702325599253,0.7594177313946384
muni_time_Suginami Ward_2008,0.04591904576358507,Suginami Ward,2008-01-01,1.0469896492784834,0.7451266842495131
muni_time_Suginami Ward_2009,0.059674375386319034,Suginami Ward,2009-01-01,1.0614908427179908,0.7554469641039387
muni_time_Suginami Ward_2010,0.03636740931960229,Suginami Ward,2010-01-01,1.0370367934875977,0.7380433874476899
muni_time_Suginami Ward_2011,0.06269055128035753,Suginami Ward,2011-01-01,1.0646973190269526,0.7577289647539622
muni_time_Suginami Ward_2012,0.05736588381522165,Suginami Ward,2012-01-01,1.0590432262926954,0.7537050325456356
muni_time_Suginami Ward_2013,0.01892024526404623,Suginami Ward,2013-01-01,1.019100367295462,0.7252783044451574
muni_time_Suginami Ward_2014,0.002411752782680826,Suginami Ward,2014-01-01,1.0024146633978477,0.7134033415664256
muni_time_Suginami Ward_2015,0.016642700537065055,Suginami Ward,2015-01-01,1.016781961765979,0.7236283303254325
muni_time_Suginami Ward_2016,0.0012142922508928903,Suginami Ward,2016-01-01,1.0012150298022322,0.7125495804962647
muni_time_Suginami Ward_2017,-0.0006373812081744224,Suginami Ward,2017-01-01,0.9993628218760782,0.7112313921536131
muni_time_Suginami Ward_2018,-0.03562570266328967,Suginami Ward,2018-01-01,0.965001423356616,0.6867769049840148
muni_time_Suginami Ward_2019,-0.026031072277058732,Suginami Ward,2019-01-01,0.9743048152692457,0.6933979881751511
muni_time_Suginami Ward_2020,-0.04481127130606665,Suginami Ward,2020-01-01,0.9561779230159286,0.680497353360117
muni_time_Suginami Ward_2021,-0.022870607213312008,Suginami Ward,2021-01-01,0.9773889426706363,0.695592914959752
muni_time_Suginami Ward_2022,0.0014498896002771008,Suginami Ward,2022-01-01,1.0014509411983759,0.7127174750657157
muni_time_Suginami Ward_2023,-0.024637655179984223,Suginami Ward,2023-01-01,0.975663374556657,0.6943648542543742
muni_time_Suginami Ward_2024,-0.019097707831715004,Suginami Ward,2024-01-01,0.9810834980182168,0.6982222740731072
muni_time_Suginami Ward_2025,-0.035557186309051955,Suginami Ward,2025-01-01,0.9650675440011255,0.6868239620457897
muni_time_Sumida Ward_2005,0.2066931777287085,Sumida Ward,2005-01-01,1.2296052436237312,1.0
muni_time_Sumida Ward_2006,0.0076230117771708406,Sumida Ward,2006-01-01,1.0076521409016246,0.8194923908522092
muni_time_Sumida Ward_2007,0.009735009255000093,Sumida Ward,2007-01-01,1.0097825485976821,0.8212249856887268
muni_time_Sumida Ward_2008,0.038777797989003805,Sumida Ward,2008-01-01,1.0395394702244907,0.8454253717728922
muni_time_Sumida Ward_2009,0.04594657739860054,Sumida Ward,2009-01-01,1.0470184750121803,0.8515078155705849
muni_time_Sumida Ward_2010,0.01648465564112426,Sumida Ward,2010-01-01,1.0166212772646543,0.8267867126758516
muni_time_Sumida Ward_2011,-0.021619982732637252,Sumida Ward,2011-01-01,0.9786120538764709,0.7958749842286243
muni_time_Sumida Ward_2012,-0.01602445201017008,Sumida Ward,2012-01-01,0.9841032564582494,0.8003408098342435
muni_time_Sumida Ward_2013,-0.006611775429055377,Sumida Ward,2013-01-01,0.993410034264702,0.8079097250244756
muni_time_Sumida Ward_2014,-0.051560056909211574,Sumida Ward,2014-01-01,0.9497466094034819,0.7723996090033849
muni_time_Sumida Ward_2015,-0.019295953867222156,Sumida Ward,2015-01-01,0.9808890213819812,0.7977267716354509
muni_time_Sumida Ward_2016,-0.0056331751201843085,Sumida Ward,2016-01-01,0.9943826614600856,0.8087007327079799
muni_time_Sumida Ward_2017,0.020342521591034383,Sumida Ward,2017-01-01,1.020550840865292,0.8299825054890448
muni_time_Sumida Ward_2018,0.05564819428778618,Sumida Ward,2018-01-01,1.0572256802705575,0.8598090206209927
muni_time_Sumida Ward_2019,0.07468675629124616,Sumida Ward,2019-01-01,1.0775465633319503,0.8763353677285455
muni_time_Sumida Ward_2020,0.05949500195024557,Sumida Ward,2020-01-01,1.0613004565337942,0.8631229104115308
muni_time_Sumida Ward_2021,0.053111270953611706,Sumida Ward,2021-01-01,1.0545469790392923,0.8576305155721927
muni_time_Sumida Ward_2022,0.020475090544569786,Sumida Ward,2022-01-01,1.0206861431905407,0.8300925426948477
muni_time_Sumida Ward_2023,0.0059298079444452065,Sumida Ward,2023-01-01,1.0059474240584185,0.8181059972498347
muni_time_Sumida Ward_2024,0.019308451472886366,Sumida Ward,2024-01-01,1.0194960651866969,0.8291246889791816
muni_time_Sumida Ward_2025,0.02086430536085182,Sumida Ward,2025-01-01,1.021083486681215,0.8304156898941093
"muni_time_Taihaku Ward, Sendai City_2005",-0.9259740097897884,"Taihaku Ward, Sendai City",2005-01-01,0.39614538162350293,1.0
"muni_time_Taihaku Ward, Sendai City_2006",-0.164971645030315,"Taihaku Ward, Sendai City",2006-01-01,0.8479177464290497,2.140420627785866
"muni_time_Taihaku Ward, Sendai City_2007",-0.1851646443909341,"Taihaku Ward, Sendai City",2007-01-01,0.830967458457584,2.097632578857972
"muni_time_Taihaku Ward, Sendai City_2008",-0.1112064572688134,"Taihaku Ward, Sendai City",2008-01-01,0.8947540013910641,2.2586505936889587
"muni_time_Taihaku Ward, Sendai City_2009",-0.025801382623562942,"Taihaku Ward, Sendai City",2009-01-01,0.9745286287074958,2.460027742122434
"muni_time_Taihaku Ward, Sendai City_2010",-0.02705102547283994,"Taihaku Ward, Sendai City",2010-01-01,0.9733115765738435,2.4569555060441925
"muni_time_Taihaku Ward, Sendai City_2011",-0.01238500203985134,"Taihaku Ward, Sendai City",2011-01-01,0.9876913764568032,2.493254805619585
"muni_time_Taihaku Ward, Sendai City_2012",0.003995389470605598,"Taihaku Ward, Sendai City",2012-01-01,1.0040033816795675,2.534431620949133
"muni_time_Taihaku Ward, Sendai City_2013",0.13159825329893127,"Taihaku Ward, Sendai City",2013-01-01,1.140649974839753,2.8793721389987783
"muni_time_Taihaku Ward, Sendai City_2014",0.09875038836965248,"Taihaku Ward, Sendai City",2014-01-01,1.1037907461619343,2.786327437766215
"muni_time_Taihaku Ward, Sendai City_2015",0.1289422790161832,"Taihaku Ward, Sendai City",2015-01-01,1.1376244574676775,2.871734747494487
"muni_time_Taihaku Ward, Sendai City_2016",0.04800890364857765,"Taihaku Ward, Sendai City",2016-01-01,1.04917999681287,2.6484721152448323
"muni_time_Taihaku Ward, Sendai City_2017",-0.01969174657641312,"Taihaku Ward, Sendai City",2017-01-01,0.9805008694777066,2.475103623471183
"muni_time_Taihaku Ward, Sendai City_2018",0.067792505593824,"Taihaku Ward, Sendai City",2018-01-01,1.0701432367048225,2.70139016216498
"muni_time_Taihaku Ward, Sendai City_2019",0.12730302462504559,"Taihaku Ward, Sendai City",2019-01-01,1.1357611292320586,2.8670310999901734
"muni_time_Taihaku Ward, Sendai City_2020",-0.013114647869926652,"Taihaku Ward, Sendai City",2020-01-01,0.9869709744137043,2.491436276169244
"muni_time_Taihaku Ward, Sendai City_2021",0.048078839748027444,"Taihaku Ward, Sendai City",2021-01-01,1.0492533749353279,2.64865734553114
"muni_time_Taihaku Ward, Sendai City_2022",-0.05840437545984767,"Taihaku Ward, Sendai City",2022-01-01,0.9432684356975597,2.381116830977076
"muni_time_Taihaku Ward, Sendai City_2023",-0.01749875040608547,"Taihaku Ward, Sendai City",2023-01-01,0.9826534635820942,2.4805374722656977
"muni_time_Taihaku Ward, Sendai City_2024",-0.11214829127424766,"Taihaku Ward, Sendai City",2024-01-01,0.8939116883678444,2.256524321208468
"muni_time_Taihaku Ward, Sendai City_2025",-0.1202795533563544,"Taihaku Ward, Sendai City",2025-01-01,0.8866725297854758,2.2382503265636213
muni_time_Taito Ward_2005,0.27810574046125325,Taito Ward,2005-01-01,1.320625833411135,1.0
muni_time_Taito Ward_2006,0.012596000828949423,Taito Ward,2006-01-01,1.01267566457755,0.7668149743533645
muni_time_Taito Ward_2007,0.03283690869638454,Taito Ward,2007-01-01,1.0333819898813492,0.7824941506801787
muni_time_Taito Ward_2008,0.009816988398464689,Taito Ward,2008-01-01,1.0098653330993566,0.7646869442883047
muni_time_Taito Ward_2009,0.01855696651884025,Taito Ward,2009-01-01,1.0187302170307244,0.771399582877594
muni_time_Taito Ward_2010,-0.04818341578568559,Taito Ward,2010-01-01,0.9529589833264581,0.7215965031253365
muni_time_Taito Ward_2011,-0.032535916952079066,Taito Ward,2011-01-01,0.9679876820397443,0.7329764855041966
muni_time_Taito Ward_2012,-0.0032185517679428934,Taito Ward,2012-01-01,0.9967866222173969,0.7547835253553449
muni_time_Taito Ward_2013,-0.016267861132781128,Taito Ward,2013-01-01,0.9838637458987463,0.7449981069637698
muni_time_Taito Ward_2014,-0.03704313608533703,Taito Ward,2014-01-01,0.9636345670295955,0.7296802339089171
muni_time_Taito Ward_2015,0.005020464371949645,Taito Ward,2015-01-01,1.0050330880198883,0.7610278873796672
muni_time_Taito Ward_2016,0.02556061072491392,Taito Ward,2016-01-01,1.02589008432779,0.7768211543143513
muni_time_Taito Ward_2017,0.07253965974169878,Taito Ward,2017-01-01,1.0752354488047149,0.8141862907735309
muni_time_Taito Ward_2018,0.0689819235433147,Taito Ward,2018-01-01,1.0714168415531697,0.8112947774054471
muni_time_Taito Ward_2019,0.1075673375780891,Taito Ward,2019-01-01,1.1135658430488582,0.8432107072845552
muni_time_Taito Ward_2020,0.05805796706579669,Taito Ward,2020-01-01,1.059776426059621,0.8024804598303608
muni_time_Taito Ward_2021,0.005244830452851942,Taito Ward,2021-01-01,1.0052586086536688,0.7611986553807731
muni_time_Taito Ward_2022,0.03767409333543294,Taito Ward,2022-01-01,1.0383927586055153,0.7862883886826441
muni_time_Taito Ward_2023,0.0579854467379048,Taito Ward,2023-01-01,1.0596995735124306,0.8024222657944378
muni_time_Taito Ward_2024,0.10889328162115436,Taito Ward,2024-01-01,1.1150433483732312,0.8443294990626597
muni_time_Taito Ward_2025,-0.030843740654739174,Taito Ward,2025-01-01,0.969627074530772,0.7342178609563133
muni_time_Toshima Ward_2005,0.25854931600536546,Toshima Ward,2005-01-01,1.2950500149715587,1.0
muni_time_Toshima Ward_2006,0.012063055240435026,Toshima Ward,2006-01-01,1.0121361073396133,0.7815420992538589
muni_time_Toshima Ward_2007,0.018225606028320827,Toshima Ward,2007-01-01,1.0183927060082993,0.7863732629898968
muni_time_Toshima Ward_2008,-0.014076233764336962,Toshima Ward,2008-01-01,0.9860223732003822,0.7613778323627423
muni_time_Toshima Ward_2009,0.03593761841927731,Toshima Ward,2009-01-01,1.0365911802775656,0.8004255961499145
muni_time_Toshima Ward_2010,0.006860291444943115,Toshima Ward,2010-01-01,1.0068838771483828,0.77748647967893
muni_time_Toshima Ward_2011,0.009921768381041578,Toshima Ward,2011-01-01,1.0099711523151347,0.7798703838764985
muni_time_Toshima Ward_2012,-0.009955429943518663,Toshima Ward,2012-01-01,0.9900939613095542,0.7645217944198843
muni_time_Toshima Ward_2013,-0.006757688537577361,Toshima Ward,2013-01-01,0.9932650932932165,0.7669704504154075
muni_time_Toshima Ward_2014,-0.002309298994464487,Toshima Ward,2014-01-01,0.9976933653851141,0.770389833482242
muni_time_Toshima Ward_2015,0.016914237965104623,Toshima Ward,2015-01-01,1.0170580936131233,0.785342714069201
muni_time_Toshima Ward_2016,0.03345035306041081,Toshima Ward,2016-01-01,1.034016106716742,0.7984371991528455
muni_time_Toshima Ward_2017,0.0449627426724966,Toshima Ward,2017-01-01,1.0459888884321538,0.807682233380867
muni_time_Toshima Ward_2018,0.023170087466858773,Toshima Ward,2018-01-01,1.0234405991631104,0.7902710994413499
muni_time_Toshima Ward_2019,0.011674904073094869,Toshima Ward,2019-01-01,1.0117433217630638,0.781238801642177
muni_time_Toshima Ward_2020,0.015987628939780243,Toshima Ward,2020-01-01,1.016116114894692,0.7846153454675706
muni_time_Toshima Ward_2021,0.036323829079695835,Toshima Ward,2021-01-01,1.036991600160121,0.8007347887509154
muni_time_Toshima Ward_2022,0.06171630638902155,Toshima Ward,2022-01-01,1.0636605482194075,0.821327775701981
muni_time_Toshima Ward_2023,0.03644112323330436,Toshima Ward,2023-01-01,1.0371132403458627,0.8008287157686642
muni_time_Toshima Ward_2024,0.04808740581074827,Toshima Ward,2024-01-01,1.0492623629440434,0.8102099153036084
muni_time_Toshima Ward_2025,0.07082259466060072,Toshima Ward,2025-01-01,1.073390783719836,0.82884118088938
"muni_time_Wakabayashi Ward, Sendai City_2006",-0.17124449362360777,"Wakabayashi Ward, Sendai City",2006-01-01,0.8426155341597424,1.0
"muni_time_Wakabayashi Ward, Sendai City_2007",-0.19805504812206456,"Wakabayashi Ward, Sendai City",2007-01-01,0.8203246945609762,0.973545657900795
"muni_time_Wakabayashi Ward, Sendai City_2008",-0.2605506122026422,"Wakabayashi Ward, Sendai City",2008-01-01,0.7706271522514259,0.9145655652075018
"muni_time_Wakabayashi Ward, Sendai City_2009",-0.22384341222906265,"Wakabayashi Ward, Sendai City",2009-01-01,0.7994403071445396,0.9487604663516472
"muni_time_Wakabayashi Ward, Sendai City_2010",-0.18388457907900502,"Wakabayashi Ward, Sendai City",2010-01-01,0.8320318321650911,0.9874394648975877
"muni_time_Wakabayashi Ward, Sendai City_2011",-0.11153239295735326,"Wakabayashi Ward, Sendai City",2011-01-01,0.8944624166510647,1.0615308885125458
"muni_time_Wakabayashi Ward, Sendai City_2012",-0.03362888838352218,"Wakabayashi Ward, Sendai City",2012-01-01,0.9669302771192343,1.1475343592893272
"muni_time_Wakabayashi Ward, Sendai City_2013",-0.24320954448258603,"Wakabayashi Ward, Sendai City",2013-01-01,0.7841071912200395,0.93056341763501
"muni_time_Wakabayashi Ward, Sendai City_2014",0.06654841354155581,"Wakabayashi Ward, Sendai City",2014-01-01,1.06881270783106,1.2684464794455539
"muni_time_Wakabayashi Ward, Sendai City_2015",0.0577816147765983,"Wakabayashi Ward, Sendai City",2015-01-01,1.0594835948823875,1.2573748666275257
"muni_time_Wakabayashi Ward, Sendai City_2016",0.03267561359915566,"Wakabayashi Ward, Sendai City",2016-01-01,1.0332153238743829,1.2262001850045487
"muni_time_Wakabayashi Ward, Sendai City_2017",-0.013705315888692726,"Wakabayashi Ward, Sendai City",2017-01-01,0.9863881743612882,1.1706266195826975
"muni_time_Wakabayashi Ward, Sendai City_2018",0.08806240865479076,"Wakabayashi Ward, Sendai City",2018-01-01,1.0920562736645445,1.2960314988181945
"muni_time_Wakabayashi Ward, Sendai City_2019",0.07347446939341551,"Wakabayashi Ward, Sendai City",2019-01-01,1.076241059234062,1.277262304815317
"muni_time_Wakabayashi Ward, Sendai City_2020",0.06682094489905638,"Wakabayashi Ward, Sendai City",2020-01-01,1.0691040325049905,1.2687922179966724
"muni_time_Wakabayashi Ward, Sendai City_2021",0.06331601942893136,"Wakabayashi Ward, Sendai City",2021-01-01,1.0653634615916374,1.264352979979202
"muni_time_Wakabayashi Ward, Sendai City_2022",0.05142823922779483,"Wakabayashi Ward, Sendai City",2022-01-01,1.0527736357323252,1.2494116154435162
"muni_time_Wakabayashi Ward, Sendai City_2023",0.037594754684081265,"Wakabayashi Ward, Sendai City",2023-01-01,1.0383103771925324,1.232246896834079
"muni_time_Wakabayashi Ward, Sendai City_2024",0.043159060656244946,"Wakabayashi Ward, Sendai City",2024-01-01,1.0441039575039137,1.2391226071390862
"muni_time_Wakabayashi Ward, Sendai City_2025",0.008290464033983924,"Wakabayashi Ward, Sendai City",2025-01-01,1.00832492509784,1.196660735792562
